"STATE.UT","DISTRICT","YEAR","MURDER","ATTEMPT.TO.MURDER","CULPABLE.HOMICIDE.NOT.AMOUNTING.TO.MURDER","RAPE","CUSTODIAL.RAPE","OTHER.RAPE","KIDNAPPING...ABDUCTION","KIDNAPPING.AND.ABDUCTION.OF.WOMEN.AND.GIRLS","KIDNAPPING.AND.ABDUCTION.OF.OTHERS","DACOITY","PREPARATION.AND.ASSEMBLY.FOR.DACOITY","ROBBERY","BURGLARY","THEFT","AUTO.THEFT","OTHER.THEFT","RIOTS","CRIMINAL.BREACH.OF.TRUST","CHEATING","COUNTERFIETING","ARSON","HURT.GREVIOUS.HURT","DOWRY.DEATHS","ASSAULT.ON.WOMEN.WITH.INTENT.TO.OUTRAGE.HER.MODESTY","INSULT.TO.MODESTY.OF.WOMEN","CRUELTY.BY.HUSBAND.OR.HIS.RELATIVES","IMPORTATION.OF.GIRLS.FROM.FOREIGN.COUNTRIES","CAUSING.DEATH.BY.NEGLIGENCE","OTHER.IPC.CRIMES","TOTAL.IPC.CRIMES","IS_HYDERABAD","ERA","VIOLENT_CRIMES","PROPERTY_CRIMES","WOMEN_CRIMES","RISK_LEVEL"
"ANDHRA PRADESH","ADILABAD",2001,101,60,17,50,0,50,46,30,16,9,0,41,198,199,22,177,78,16,104,1,30,1131,16,149,34,175,0,181,1518,4154,FALSE,"2001-2005",307,419,374,"LOW"
"ANDHRA PRADESH","ANANTAPUR",2001,151,125,1,23,0,23,53,30,23,8,0,16,191,366,57,309,168,11,65,8,69,1543,7,118,24,154,0,270,754,4125,FALSE,"2001-2005",376,614,303,"LOW"
"ANDHRA PRADESH","CHITTOOR",2001,101,57,2,27,0,27,59,34,25,4,0,14,237,723,164,559,156,33,209,9,38,2088,14,112,83,186,0,404,1262,5818,FALSE,"2001-2005",262,1124,395,"HIGH"
"ANDHRA PRADESH","CUDDAPAH",2001,80,53,1,20,0,20,25,20,5,1,0,4,98,173,36,137,164,12,37,2,23,795,17,126,38,57,0,233,1181,3140,FALSE,"2001-2005",183,307,238,"LOW"
"ANDHRA PRADESH","EAST GODAVARI",2001,82,67,1,23,0,23,49,26,23,4,0,25,437,1021,150,871,70,50,220,3,41,1244,12,109,58,247,0,431,2313,6507,FALSE,"2001-2005",250,1608,426,"HIGH"
"ANDHRA PRADESH","GUNTAKAL RLY.",2001,3,1,0,0,0,0,0,0,0,5,0,2,0,162,0,162,1,0,0,3,0,1,0,1,0,0,0,4,104,287,FALSE,"2001-2005",11,162,1,"LOW"
"ANDHRA PRADESH","GUNTUR",2001,182,88,2,54,0,54,82,51,31,16,3,59,338,1122,171,951,244,67,300,8,43,1792,7,139,129,378,0,369,2426,7848,FALSE,"2001-2005",481,1631,653,"HIGH"
"ANDHRA PRADESH","HYDERABAD CITY",2001,111,113,7,37,0,37,80,39,41,13,0,67,1155,2792,1128,1664,65,101,1293,24,0,3137,24,118,27,746,0,409,1512,11831,TRUE,"2001-2005",421,5075,915,"HIGH"
"ANDHRA PRADESH","KARIMNAGAR",2001,162,85,6,56,0,56,67,49,18,27,1,50,218,392,54,338,220,25,243,5,33,1392,62,414,81,224,0,322,1726,5811,FALSE,"2001-2005",447,664,781,"HIGH"
"ANDHRA PRADESH","KHAMMAM",2001,93,60,1,47,0,47,41,30,11,1,0,13,172,368,34,334,153,35,130,5,73,1026,17,180,336,172,0,209,1450,4582,FALSE,"2001-2005",255,574,705,"LOW"
"ANDHRA PRADESH","KRISHNA",2001,65,51,0,37,0,37,36,21,15,3,0,15,163,478,27,451,70,24,104,1,62,1985,10,208,72,265,0,268,862,4779,FALSE,"2001-2005",207,668,555,"LOW"
"ANDHRA PRADESH","KURNOOL",2001,133,72,4,29,0,29,47,47,0,6,0,22,155,297,6,291,84,6,126,2,5,1547,13,141,107,92,0,292,1401,4581,FALSE,"2001-2005",309,458,353,"LOW"
"ANDHRA PRADESH","MAHABOOBNAGAR",2001,157,67,26,59,0,59,42,27,15,8,0,27,249,316,33,283,157,22,84,0,0,867,14,176,41,69,0,280,2158,4819,FALSE,"2001-2005",360,598,300,"LOW"
"ANDHRA PRADESH","MEDAK",2001,101,56,12,35,0,35,26,20,6,27,0,26,219,286,36,250,100,17,87,4,37,1367,26,100,25,192,0,335,454,3532,FALSE,"2001-2005",271,541,343,"LOW"
"ANDHRA PRADESH","NALGONDA",2001,122,60,1,35,0,35,27,19,8,6,0,28,133,318,43,275,220,13,122,8,72,1132,31,188,59,214,0,432,1781,5002,FALSE,"2001-2005",278,494,492,"LOW"
"ANDHRA PRADESH","NELLORE",2001,89,69,5,46,0,46,90,80,10,12,2,16,244,608,72,536,97,20,177,3,65,1119,10,207,228,287,0,266,1585,5245,FALSE,"2001-2005",322,924,732,"LOW"
"ANDHRA PRADESH","NIZAMABAD",2001,106,49,14,21,0,21,38,21,17,7,0,22,158,234,48,186,51,61,122,1,30,1383,19,55,15,228,0,220,787,3621,FALSE,"2001-2005",243,440,317,"LOW"
"ANDHRA PRADESH","PRAKASHAM",2001,102,82,3,19,0,19,31,12,19,15,0,14,147,278,33,245,138,16,88,1,43,1266,5,140,100,119,0,263,808,3678,FALSE,"2001-2005",263,458,364,"LOW"
"ANDHRA PRADESH","RANGA REDDY",2001,214,95,16,72,0,72,106,83,23,24,3,78,1076,1296,347,949,65,67,527,3,67,2829,37,113,55,421,7,593,2103,9867,FALSE,"2001-2005",589,2719,626,"HIGH"
"ANDHRA PRADESH","SECUNDERABAD RLY.",2001,6,0,0,0,0,0,0,0,0,0,0,10,2,296,0,296,1,2,4,25,0,17,1,0,1,0,0,6,68,439,FALSE,"2001-2005",16,298,2,"LOW"
"ANDHRA PRADESH","SRIKAKULAM",2001,38,10,4,8,0,8,12,12,0,1,0,4,118,231,1,230,70,18,53,0,34,679,6,38,47,108,0,167,926,2572,FALSE,"2001-2005",73,350,199,"LOW"
"ANDHRA PRADESH","TOTAL",2001,2602,1555,136,871,0,871,1182,765,417,214,9,629,7220,16751,3051,13700,3001,788,5391,144,872,34947,420,3544,2271,5791,7,7400,34344,130089,FALSE,"2001-2005",7053,27022,12026,"HIGH"
"ANDHRA PRADESH","VIJAYAWADA",2001,53,44,5,25,0,25,70,48,22,3,0,27,491,2057,264,1793,19,34,614,10,17,1578,2,84,122,520,0,234,724,6733,FALSE,"2001-2005",222,2812,728,"HIGH"
"ANDHRA PRADESH","VIJAYAWADA RLY.",2001,2,1,0,1,0,1,0,0,0,0,0,1,0,265,0,265,1,2,3,6,0,9,0,1,1,0,0,2,25,320,FALSE,"2001-2005",5,265,2,"LOW"
"ANDHRA PRADESH","VISAKHA RURAL",2001,58,29,0,12,0,12,12,12,0,4,0,3,76,165,0,165,138,19,39,3,31,1476,3,67,48,99,0,216,685,3183,FALSE,"2001-2005",118,241,217,"LOW"
"ANDHRA PRADESH","VISAKHAPATNAM",2001,22,10,1,13,0,13,13,6,7,1,0,5,323,630,172,458,9,37,192,3,15,325,0,33,462,204,0,196,928,3422,FALSE,"2001-2005",64,1125,699,"LOW"
"ANDHRA PRADESH","VIZIANAGARAM",2001,33,14,1,8,0,8,8,2,6,0,0,2,99,144,0,144,36,11,41,2,12,529,0,40,22,121,0,175,880,2178,FALSE,"2001-2005",65,243,183,"LOW"
"ANDHRA PRADESH","WARANGAL",2001,158,79,5,53,0,53,81,25,56,2,0,23,266,418,79,339,330,6,137,2,0,1718,52,241,0,165,0,269,2314,6319,FALSE,"2001-2005",396,763,458,"HIGH"
"ANDHRA PRADESH","WEST GODAVARI",2001,77,58,1,61,0,61,41,21,20,7,0,15,257,1116,74,1042,96,63,270,2,32,972,15,246,56,348,0,354,1609,5696,FALSE,"2001-2005",259,1447,665,"HIGH"
"ANDHRA PRADESH","ADILABAD",2002,100,79,17,37,0,37,42,32,10,7,0,40,193,226,32,194,80,25,135,0,38,1181,20,174,63,240,0,225,1753,4675,FALSE,"2001-2005",305,451,497,"LOW"
"ANDHRA PRADESH","ANANTAPUR",2002,166,113,7,28,0,28,65,49,16,13,0,21,196,356,59,297,135,37,109,5,57,1752,9,179,37,151,0,312,719,4467,FALSE,"2001-2005",406,611,376,"LOW"
"ANDHRA PRADESH","CHITTOOR",2002,105,66,5,28,0,28,67,39,28,4,0,14,208,832,200,632,71,57,172,1,43,999,16,126,40,188,0,476,2788,6306,FALSE,"2001-2005",284,1240,370,"HIGH"
"ANDHRA PRADESH","CUDDAPAH",2002,91,0,9,16,0,16,27,22,5,1,0,11,84,205,47,158,92,14,52,3,20,788,21,100,36,63,0,275,1416,3324,FALSE,"2001-2005",146,336,220,"LOW"
"ANDHRA PRADESH","EAST GODAVARI",2002,97,102,2,25,0,25,55,5,50,3,0,12,468,1206,213,993,100,89,262,13,40,3076,11,108,73,276,0,473,1440,7931,FALSE,"2001-2005",294,1887,468,"HIGH"
"ANDHRA PRADESH","GUNTAKAL RLY.",2002,0,0,0,1,0,1,0,0,0,0,0,2,0,148,0,148,0,0,0,5,0,5,0,3,0,0,0,4,142,310,FALSE,"2001-2005",3,148,3,"LOW"
"ANDHRA PRADESH","GUNTUR",2002,143,77,1,46,0,46,87,71,16,12,0,53,357,1182,150,1032,144,65,346,10,38,1760,13,186,85,434,0,404,2440,7883,FALSE,"2001-2005",418,1689,718,"HIGH"
"ANDHRA PRADESH","HYDERABAD CITY",2002,117,109,3,57,0,57,115,61,54,11,2,68,1348,3777,1224,2553,128,127,1734,21,8,3714,24,138,123,590,0,440,1759,14413,TRUE,"2001-2005",477,6349,875,"HIGH"
"ANDHRA PRADESH","KARIMNAGAR",2002,160,88,6,99,0,99,62,42,20,18,0,60,216,404,94,310,191,44,357,2,52,2671,45,357,125,209,0,416,1504,7086,FALSE,"2001-2005",487,714,736,"HIGH"
"ANDHRA PRADESH","KHAMMAM",2002,106,55,1,48,0,48,70,55,15,5,0,11,164,431,79,352,107,76,219,1,52,2204,13,191,375,324,0,276,917,5646,FALSE,"2001-2005",295,674,903,"LOW"
"ANDHRA PRADESH","KRISHNA",2002,92,66,3,41,0,41,26,21,5,1,0,4,242,543,32,511,49,19,146,3,42,1940,14,211,110,374,0,278,1114,5318,FALSE,"2001-2005",230,817,709,"LOW"
"ANDHRA PRADESH","KURNOOL",2002,124,98,1,45,0,45,54,24,30,8,0,17,134,308,16,292,76,12,185,8,16,1458,11,166,115,167,0,520,1161,4684,FALSE,"2001-2005",346,458,459,"LOW"
"ANDHRA PRADESH","MAHABOOBNAGAR",2002,171,84,31,85,0,85,57,36,21,5,0,39,241,439,41,398,140,24,91,6,74,906,31,202,42,225,0,353,2108,5354,FALSE,"2001-2005",441,721,500,"LOW"
"ANDHRA PRADESH","MEDAK",2002,103,50,20,68,0,68,46,38,8,18,0,35,272,356,39,317,64,22,105,2,57,1612,25,103,28,251,0,417,554,4208,FALSE,"2001-2005",320,667,407,"LOW"
"ANDHRA PRADESH","NALGONDA",2002,109,53,8,41,0,41,46,37,9,5,0,18,167,321,45,276,87,26,184,6,78,1139,37,232,67,210,0,490,1966,5290,FALSE,"2001-2005",272,533,546,"LOW"
"ANDHRA PRADESH","NELLORE",2002,84,93,4,46,0,46,67,54,13,12,0,23,209,542,68,474,46,39,157,4,58,1223,10,206,226,289,0,290,1612,5240,FALSE,"2001-2005",325,819,731,"LOW"
"ANDHRA PRADESH","NIZAMABAD",2002,93,42,12,35,0,35,29,21,8,13,0,30,179,338,66,272,46,33,138,1,39,1934,17,71,24,278,0,274,791,4417,FALSE,"2001-2005",242,583,390,"LOW"
"ANDHRA PRADESH","PRAKASHAM",2002,67,79,2,21,0,21,32,25,7,12,0,13,132,259,45,214,124,27,86,4,48,1153,5,156,18,142,0,248,1008,3636,FALSE,"2001-2005",224,436,321,"LOW"
"ANDHRA PRADESH","RANGA REDDY",2002,214,107,12,49,0,49,104,70,34,22,1,62,1009,1450,452,998,61,88,597,4,81,3224,51,143,93,508,0,774,1948,10602,FALSE,"2001-2005",558,2911,795,"HIGH"
"ANDHRA PRADESH","SECUNDERABAD RLY.",2002,12,0,1,0,0,0,0,0,0,0,0,3,3,350,0,350,0,2,2,23,0,8,0,0,0,0,0,0,40,444,FALSE,"2001-2005",15,353,0,"LOW"
"ANDHRA PRADESH","SRIKAKULAM",2002,27,9,2,14,0,14,10,9,1,2,0,2,100,235,13,222,28,24,58,2,28,641,4,60,16,114,0,171,939,2486,FALSE,"2001-2005",64,348,194,"LOW"
"ANDHRA PRADESH","TOTAL",2002,2525,1644,165,1002,0,1002,1302,854,448,197,3,648,7628,19222,3544,15678,2140,1050,6733,155,991,39839,449,3799,2024,7018,0,8691,36385,143610,FALSE,"2001-2005",7318,30394,13290,"HIGH"
"ANDHRA PRADESH","VIJAYAWADA",2002,39,49,3,31,0,31,78,43,35,3,0,56,723,2808,278,2530,5,34,784,6,42,1950,9,119,171,869,0,247,1057,9083,FALSE,"2001-2005",256,3809,1168,"HIGH"
"ANDHRA PRADESH","VIJAYAWADA RLY.",2002,3,0,0,1,0,1,1,0,1,0,0,1,0,328,2,326,0,0,5,7,0,10,0,2,0,2,0,3,47,410,FALSE,"2001-2005",6,330,4,"LOW"
"ANDHRA PRADESH","VISAKHA RURAL",2002,54,25,0,14,0,14,7,0,7,4,0,4,97,195,0,195,36,24,40,0,21,717,2,65,41,85,0,237,1001,2669,FALSE,"2001-2005",108,292,193,"LOW"
"ANDHRA PRADESH","VISAKHAPATNAM",2002,20,15,1,8,0,8,15,10,5,1,0,7,250,573,173,400,13,27,240,5,6,375,3,28,18,235,0,179,819,2838,FALSE,"2001-2005",66,996,284,"LOW"
"ANDHRA PRADESH","VIZIANAGARAM",2002,28,22,1,12,0,12,9,0,9,3,0,3,105,171,0,171,9,13,51,0,6,471,1,38,25,190,0,147,1127,2432,FALSE,"2001-2005",77,276,254,"LOW"
"ANDHRA PRADESH","WARANGAL",2002,131,72,11,52,0,52,72,58,14,7,0,20,245,413,56,357,240,41,175,5,0,1812,45,212,0,157,0,317,2370,6397,FALSE,"2001-2005",354,714,414,"HIGH"
"ANDHRA PRADESH","WEST GODAVARI",2002,69,91,2,54,0,54,59,32,27,7,0,19,286,826,120,706,68,61,303,8,47,1116,12,223,73,447,0,445,1845,6061,FALSE,"2001-2005",299,1232,755,"HIGH"
"ANDHRA PRADESH","ADILABAD",2003,107,65,11,35,0,35,46,16,30,8,0,24,207,284,35,249,98,19,146,1,42,1194,11,141,39,238,0,248,1917,4881,FALSE,"2001-2005",285,526,429,"LOW"
"ANDHRA PRADESH","ANANTAPUR",2003,173,115,9,19,0,19,60,45,15,4,0,17,190,358,90,268,144,33,84,10,40,1873,4,224,45,146,0,306,728,4582,FALSE,"2001-2005",388,638,419,"LOW"
"ANDHRA PRADESH","CHITTOOR",2003,109,80,1,36,0,36,90,34,56,5,0,18,304,901,142,759,66,47,292,22,27,1049,23,121,173,60,0,522,2678,6624,FALSE,"2001-2005",338,1347,377,"HIGH"
"ANDHRA PRADESH","CUDDAPAH",2003,95,7,4,10,0,10,37,28,9,4,0,9,109,199,33,166,74,17,65,8,35,815,5,104,31,60,0,267,1492,3447,FALSE,"2001-2005",162,341,200,"LOW"
"ANDHRA PRADESH","CYBERABAD",2003,155,101,4,31,0,31,102,62,40,14,0,56,1041,1489,291,1198,49,67,691,8,45,1203,25,96,78,543,1,787,3719,10305,FALSE,"2001-2005",459,2821,742,"HIGH"
"ANDHRA PRADESH","EAST GODAVARI",2003,73,78,2,18,0,18,59,35,24,4,0,17,569,1162,178,984,79,83,252,21,71,2918,11,150,110,357,0,424,1158,7616,FALSE,"2001-2005",249,1909,628,"HIGH"
"ANDHRA PRADESH","GUNTAKAL RLY.",2003,4,0,0,1,0,1,1,1,0,0,0,5,0,209,0,209,0,0,0,6,0,9,0,2,0,0,0,2,129,368,FALSE,"2001-2005",11,209,2,"LOW"
"ANDHRA PRADESH","GUNTUR",2003,210,84,2,46,0,46,95,77,18,16,0,28,316,1173,228,945,124,82,368,12,69,1633,22,228,99,399,0,411,2298,7715,FALSE,"2001-2005",479,1717,748,"HIGH"
"ANDHRA PRADESH","HYDERABAD CITY",2003,124,132,5,57,0,57,155,64,91,18,1,91,1875,6574,2195,4379,231,158,2093,21,68,4595,42,165,296,1082,0,489,1980,20252,TRUE,"2001-2005",577,10644,1585,"HIGH"
"ANDHRA PRADESH","KARIMNAGAR",2003,153,105,11,88,0,88,89,67,22,12,1,43,261,460,18,442,180,46,376,10,48,2771,53,362,132,602,1,363,1542,7709,FALSE,"2001-2005",490,739,1149,"HIGH"
"ANDHRA PRADESH","KHAMMAM",2003,89,44,6,45,0,45,41,35,6,6,0,8,211,364,86,278,120,32,144,8,45,2246,17,162,246,180,0,339,826,5179,FALSE,"2001-2005",233,661,605,"LOW"
"ANDHRA PRADESH","KRISHNA",2003,66,65,3,45,0,45,55,16,39,2,0,12,233,601,37,564,50,28,170,13,48,1992,20,186,107,317,0,245,1025,5283,FALSE,"2001-2005",245,871,630,"LOW"
"ANDHRA PRADESH","KURNOOL",2003,125,101,4,28,0,28,35,16,19,8,0,24,146,262,18,244,88,18,196,17,34,1113,11,231,131,202,0,249,1752,4775,FALSE,"2001-2005",321,426,575,"LOW"
"ANDHRA PRADESH","MAHABOOBNAGAR",2003,191,108,22,69,0,69,46,33,13,5,0,33,270,452,39,413,117,32,104,9,69,931,19,179,36,238,0,247,2213,5390,FALSE,"2001-2005",452,761,472,"LOW"
"ANDHRA PRADESH","MEDAK",2003,124,36,16,30,0,30,52,37,15,10,0,50,300,502,75,427,84,20,100,6,60,1848,44,128,37,174,0,403,794,4818,FALSE,"2001-2005",302,877,383,"LOW"
"ANDHRA PRADESH","NALGONDA",2003,142,68,5,62,0,62,49,37,12,9,0,24,165,354,71,283,177,31,154,4,46,1258,33,249,51,319,0,448,2003,5651,FALSE,"2001-2005",354,590,652,"LOW"
"ANDHRA PRADESH","NELLORE",2003,80,70,1,27,0,27,63,58,5,2,2,12,232,569,89,480,67,25,172,10,67,1898,10,204,97,231,0,321,1792,5952,FALSE,"2001-2005",254,890,542,"HIGH"
"ANDHRA PRADESH","NIZAMABAD",2003,90,49,20,29,0,29,35,7,28,7,0,32,241,332,38,294,52,22,182,10,36,2135,11,61,32,329,3,256,710,4674,FALSE,"2001-2005",242,611,433,"LOW"
"ANDHRA PRADESH","PRAKASHAM",2003,94,36,5,22,0,22,42,31,11,9,0,19,143,346,59,287,38,22,101,7,26,1450,13,133,149,114,0,246,705,3720,FALSE,"2001-2005",222,548,409,"LOW"
"ANDHRA PRADESH","RANGA REDDY",2003,65,30,3,14,0,14,23,14,9,0,0,10,135,134,2,132,32,5,47,0,35,837,12,71,12,113,0,128,274,1980,FALSE,"2001-2005",142,271,208,"LOW"
"ANDHRA PRADESH","SECUNDERABAD RLY.",2003,10,0,0,0,0,0,0,0,0,4,0,5,0,413,0,413,6,0,2,26,0,7,0,0,0,0,0,0,63,536,FALSE,"2001-2005",19,413,0,"LOW"
"ANDHRA PRADESH","SRIKAKULAM",2003,39,32,4,9,0,9,8,4,4,7,0,4,102,167,20,147,43,25,71,2,24,654,7,58,44,147,0,215,1001,2663,FALSE,"2001-2005",99,289,256,"LOW"
"ANDHRA PRADESH","TOTAL",2003,2667,1678,147,946,0,946,1485,931,554,176,5,660,9050,23408,4521,18887,2328,1099,7581,318,1049,41545,466,4128,2286,8167,5,8515,39242,156951,FALSE,"2001-2005",7612,36979,15047,"HIGH"
"ANDHRA PRADESH","VIJAYAWADA",2003,34,58,0,27,0,27,63,45,18,5,0,61,876,3417,351,3066,17,54,816,27,21,2101,7,170,146,1208,0,249,727,10084,FALSE,"2001-2005",248,4644,1531,"HIGH"
"ANDHRA PRADESH","VIJAYAWADA RLY.",2003,0,0,0,0,0,0,0,0,0,0,0,2,0,360,2,358,0,0,6,2,1,11,0,0,3,0,0,9,36,430,FALSE,"2001-2005",2,362,3,"LOW"
"ANDHRA PRADESH","VISAKHA RURAL",2003,61,5,1,15,0,15,15,15,0,0,1,6,115,194,0,194,30,15,58,6,35,654,3,54,16,89,0,227,999,2599,FALSE,"2001-2005",102,309,162,"LOW"
"ANDHRA PRADESH","VISAKHAPATNAM",2003,19,21,0,9,0,9,30,20,10,4,0,5,281,532,174,358,1,81,290,24,3,362,3,11,30,146,0,195,1214,3261,FALSE,"2001-2005",88,987,190,"LOW"
"ANDHRA PRADESH","VIZIANAGARAM",2003,30,16,1,6,0,6,3,0,3,1,0,8,106,134,1,133,13,25,33,5,0,436,4,34,25,127,0,162,981,2150,FALSE,"2001-2005",64,241,190,"LOW"
"ANDHRA PRADESH","WARANGAL",2003,128,80,3,61,0,61,103,69,34,6,0,23,293,452,133,319,276,43,224,11,0,1821,35,222,0,162,0,334,2550,6827,FALSE,"2001-2005",401,878,419,"HIGH"
"ANDHRA PRADESH","WEST GODAVARI",2003,77,92,4,107,0,107,88,65,23,6,0,14,329,1014,116,898,72,69,344,12,54,1731,21,382,121,584,0,423,1936,7480,FALSE,"2001-2005",384,1459,1108,"HIGH"
"ANDHRA PRADESH","ADILABAD",2004,113,83,11,50,0,50,48,42,6,4,0,9,177,256,46,210,88,34,152,5,30,1266,14,135,71,296,0,271,1898,5011,FALSE,"2001-2005",307,479,516,"LOW"
"ANDHRA PRADESH","ANANTAPUR",2004,152,79,5,20,0,20,51,31,20,8,0,35,208,442,199,243,143,24,119,2,51,1142,11,196,50,147,0,299,1112,4296,FALSE,"2001-2005",345,849,404,"LOW"
"ANDHRA PRADESH","CHITTOOR",2004,105,52,1,28,0,28,69,27,42,8,0,17,337,1055,221,834,82,26,267,3,30,1065,22,116,197,234,0,2058,1188,6960,FALSE,"2001-2005",279,1613,569,"HIGH"
"ANDHRA PRADESH","CUDDAPAH",2004,96,58,0,14,0,14,39,31,8,3,0,5,111,275,68,207,74,16,120,1,37,1153,7,118,49,120,0,317,1494,4107,FALSE,"2001-2005",215,454,294,"LOW"
"ANDHRA PRADESH","CYBERABAD",2004,145,74,8,40,0,40,69,69,0,12,0,43,941,1697,405,1292,32,29,647,6,21,2922,43,106,85,517,0,788,1686,9911,FALSE,"2001-2005",383,3043,751,"HIGH"
"ANDHRA PRADESH","EAST GODAVARI",2004,96,101,1,31,0,31,47,23,24,3,0,17,392,1106,171,935,105,86,251,12,23,3023,13,112,105,293,0,473,1451,7741,FALSE,"2001-2005",295,1669,523,"HIGH"
"ANDHRA PRADESH","GUNTAKAL RLY.",2004,8,1,0,0,0,0,0,0,0,1,0,1,0,177,0,177,0,0,2,5,0,7,0,1,0,0,0,2,133,338,FALSE,"2001-2005",11,177,1,"LOW"
"ANDHRA PRADESH","GUNTUR",2004,163,96,0,46,0,46,88,60,28,5,0,36,349,1479,110,1369,133,44,405,9,58,1714,32,186,104,397,0,437,2763,8544,FALSE,"2001-2005",434,1938,719,"HIGH"
"ANDHRA PRADESH","HYDERABAD CITY",2004,121,135,1,56,0,56,136,62,74,11,2,71,1359,5735,2078,3657,141,110,2160,19,37,4837,29,144,206,1142,2,482,1932,18868,TRUE,"2001-2005",530,9172,1521,"HIGH"
"ANDHRA PRADESH","KARIMNAGAR",2004,123,93,9,85,0,85,124,98,26,7,0,25,236,540,75,465,184,55,444,12,64,2902,61,370,155,717,0,360,1482,8048,FALSE,"2001-2005",457,851,1303,"HIGH"
"ANDHRA PRADESH","KHAMMAM",2004,108,52,4,43,0,43,70,46,24,6,0,23,242,482,85,397,122,37,166,0,45,1136,18,176,310,400,0,352,2136,5928,FALSE,"2001-2005",302,809,904,"HIGH"
"ANDHRA PRADESH","KRISHNA",2004,60,57,1,33,0,33,28,13,15,4,0,13,197,732,31,701,53,16,162,8,31,2070,13,182,108,362,0,243,1004,5377,FALSE,"2001-2005",195,960,665,"LOW"
"ANDHRA PRADESH","KURNOOL",2004,112,96,3,29,0,29,46,32,14,5,0,15,179,328,101,227,125,22,221,6,48,1271,6,242,157,230,0,357,1874,5372,FALSE,"2001-2005",303,608,635,"LOW"
"ANDHRA PRADESH","MAHABOOBNAGAR",2004,183,87,23,56,0,56,63,52,11,15,0,36,290,479,2,477,171,38,109,7,40,902,21,164,10,251,0,522,1078,4545,FALSE,"2001-2005",440,771,446,"LOW"
"ANDHRA PRADESH","MEDAK",2004,127,36,10,52,0,52,49,32,17,10,0,19,257,505,88,417,53,33,139,11,55,1888,41,86,54,229,0,449,686,4789,FALSE,"2001-2005",293,850,410,"LOW"
"ANDHRA PRADESH","NALGONDA",2004,118,59,5,46,0,46,72,57,15,4,0,26,205,401,83,318,115,26,156,5,69,1368,34,200,66,272,0,528,2234,6009,FALSE,"2001-2005",325,689,572,"HIGH"
"ANDHRA PRADESH","NELLORE",2004,94,248,13,107,0,107,72,55,17,49,0,40,421,873,219,654,263,24,307,2,62,1919,11,173,88,142,0,516,1623,7047,FALSE,"2001-2005",610,1513,414,"HIGH"
"ANDHRA PRADESH","NIZAMABAD",2004,96,54,27,24,0,24,56,19,37,14,0,29,349,360,36,324,81,20,174,3,40,1856,17,74,46,339,0,247,898,4804,FALSE,"2001-2005",273,745,476,"LOW"
"ANDHRA PRADESH","PRAKASHAM",2004,103,93,4,19,0,19,44,37,7,8,0,22,158,298,94,204,45,24,116,3,27,1473,6,130,24,146,0,296,842,3881,FALSE,"2001-2005",289,550,306,"LOW"
"ANDHRA PRADESH","RANGA REDDY",2004,73,39,6,25,0,25,26,22,4,0,0,11,170,205,20,185,42,5,41,1,60,883,17,49,15,136,0,125,311,2240,FALSE,"2001-2005",174,395,217,"LOW"
"ANDHRA PRADESH","SECUNDERABAD RLY.",2004,8,4,0,0,0,0,0,0,0,0,0,0,1,367,0,367,2,0,2,28,0,10,2,1,0,2,0,0,38,465,FALSE,"2001-2005",12,368,5,"LOW"
"ANDHRA PRADESH","SRIKAKULAM",2004,26,30,14,15,0,15,15,13,2,2,0,3,108,196,0,196,26,24,79,1,5,699,14,58,11,165,0,576,754,2821,FALSE,"2001-2005",91,304,248,"LOW"
"ANDHRA PRADESH","TOTAL",2004,2579,1908,163,1016,0,1016,1526,1030,496,199,2,596,8457,23578,5042,18536,2540,898,7928,175,915,43335,512,3817,2310,8388,2,11452,36460,158756,FALSE,"2001-2005",7824,37077,15027,"HIGH"
"ANDHRA PRADESH","VIJAYAWADA",2004,46,43,1,19,0,19,76,43,33,4,0,29,555,2272,356,1916,12,27,531,6,17,2218,10,132,196,678,0,240,547,7659,FALSE,"2001-2005",217,3183,1016,"HIGH"
"ANDHRA PRADESH","VIJAYAWADA RLY.",2004,1,1,0,0,0,0,0,0,0,0,0,1,0,288,2,286,7,3,3,3,0,10,0,6,0,1,0,0,35,359,FALSE,"2001-2005",3,290,7,"LOW"
"ANDHRA PRADESH","VISAKHA RURAL",2004,50,18,1,18,0,18,12,12,0,2,0,6,79,184,4,180,62,10,64,1,17,1124,3,54,30,94,0,274,800,2903,FALSE,"2001-2005",106,267,181,"LOW"
"ANDHRA PRADESH","VISAKHAPATNAM",2004,27,27,3,12,0,12,27,16,11,1,0,12,333,733,176,557,3,62,280,2,8,374,1,24,43,243,0,183,784,3182,FALSE,"2001-2005",106,1242,311,"LOW"
"ANDHRA PRADESH","VIZIANAGARAM",2004,42,17,2,14,0,14,8,7,1,4,0,8,106,196,0,196,15,16,62,0,0,403,6,53,26,155,0,186,1145,2464,FALSE,"2001-2005",93,302,240,"LOW"
"ANDHRA PRADESH","WARANGAL",2004,111,67,7,53,0,53,125,88,37,9,0,31,352,670,175,495,304,9,400,6,0,1902,43,228,0,162,0,434,2804,7717,FALSE,"2001-2005",396,1197,433,"HIGH"
"ANDHRA PRADESH","WEST GODAVARI",2004,72,108,3,81,0,81,66,43,23,0,0,13,345,1247,197,1050,57,78,349,8,40,1798,17,301,104,518,0,437,1728,7370,FALSE,"2001-2005",340,1789,940,"HIGH"
"ANDHRA PRADESH","ADILABAD",2005,108,48,13,53,0,53,65,46,19,9,0,20,191,329,53,276,68,13,173,4,30,1273,21,144,77,280,0,276,1838,5033,FALSE,"2001-2005",303,573,522,"LOW"
"ANDHRA PRADESH","ANANTAPUR",2005,172,125,3,16,0,16,60,30,30,17,0,21,178,439,203,236,102,15,96,7,59,1007,12,173,57,137,0,349,1500,4545,FALSE,"2001-2005",411,820,379,"LOW"
"ANDHRA PRADESH","CHITTOOR",2005,105,40,0,35,0,35,72,58,14,9,0,24,281,1269,87,1182,87,32,222,10,30,891,9,91,223,202,0,541,2573,6746,FALSE,"2001-2005",285,1637,525,"HIGH"
"ANDHRA PRADESH","CUDDAPAH",2005,96,0,0,21,0,21,36,31,5,9,0,11,152,297,79,218,66,21,114,7,34,783,7,116,18,95,0,343,1846,4072,FALSE,"2001-2005",173,528,236,"LOW"
"ANDHRA PRADESH","CYBERABAD",2005,150,88,10,44,0,44,151,58,93,26,0,95,1139,2287,563,1724,44,83,950,5,37,3033,34,119,96,701,3,898,2086,12079,FALSE,"2001-2005",554,3989,950,"HIGH"
"ANDHRA PRADESH","EAST GODAVARI",2005,110,130,0,27,0,27,69,3,66,3,0,28,403,1286,210,1076,98,119,265,24,35,2530,15,102,119,368,0,545,1986,8262,FALSE,"2001-2005",367,1899,604,"HIGH"
"ANDHRA PRADESH","GUNTAKAL RLY.",2005,12,0,0,0,0,0,1,1,0,1,0,4,0,129,0,129,1,0,5,0,0,5,4,1,0,0,0,1,61,225,FALSE,"2001-2005",18,129,5,"LOW"
"ANDHRA PRADESH","GUNTUR",2005,165,88,1,55,0,55,87,56,31,14,0,35,293,1266,267,999,110,47,412,14,61,1480,16,166,203,366,0,495,2362,7736,FALSE,"2001-2005",444,1826,751,"HIGH"
"ANDHRA PRADESH","HYDERABAD CITY",2005,108,130,4,67,0,67,137,70,67,8,3,125,1161,5022,2012,3010,96,94,1880,17,40,4227,27,119,348,1309,0,514,1840,17276,TRUE,"2001-2005",575,8195,1803,"HIGH"
"ANDHRA PRADESH","KARIMNAGAR",2005,164,96,1,84,0,84,131,91,40,10,0,37,310,740,16,724,174,61,630,3,65,2936,52,328,143,839,0,357,1714,8875,FALSE,"2001-2005",522,1066,1362,"HIGH"
"ANDHRA PRADESH","KHAMMAM",2005,110,69,3,21,0,21,66,40,26,9,0,25,208,567,96,471,151,30,166,5,48,1065,14,150,240,313,0,394,2103,5757,FALSE,"2001-2005",300,871,717,"HIGH"
"ANDHRA PRADESH","KRISHNA",2005,69,74,0,27,0,27,45,26,19,3,0,17,155,653,64,589,44,17,202,4,45,2176,11,209,104,337,0,318,825,5335,FALSE,"2001-2005",235,872,661,"LOW"
"ANDHRA PRADESH","KURNOOL",2005,140,95,6,29,0,29,42,30,12,16,0,16,179,373,87,286,125,13,242,12,28,1159,9,221,124,233,0,369,1835,5266,FALSE,"2001-2005",338,639,587,"LOW"
"ANDHRA PRADESH","MAHABOOBNAGAR",2005,212,102,16,62,0,62,59,47,12,21,0,43,277,575,56,519,112,20,107,8,57,1713,17,140,7,237,0,536,1303,5624,FALSE,"2001-2005",499,908,401,"LOW"
"ANDHRA PRADESH","MEDAK",2005,133,45,10,36,0,36,38,27,11,15,0,24,213,424,77,347,32,22,108,14,35,1478,28,88,35,209,0,462,575,4024,FALSE,"2001-2005",291,714,360,"LOW"
"ANDHRA PRADESH","NALGONDA",2005,138,46,6,49,0,49,51,31,20,13,0,37,248,480,78,402,102,40,243,6,62,1274,30,223,95,344,0,603,2480,6570,FALSE,"2001-2005",334,806,692,"HIGH"
"ANDHRA PRADESH","NELLORE",2005,86,73,3,33,0,33,74,65,9,6,0,26,205,759,152,607,66,31,166,7,39,1961,11,205,84,166,0,310,972,5283,FALSE,"2001-2005",298,1116,466,"LOW"
"ANDHRA PRADESH","NIZAMABAD",2005,88,38,16,26,0,26,57,32,25,15,0,41,292,494,90,404,49,21,183,10,36,2025,16,88,41,410,0,283,830,5059,FALSE,"2001-2005",265,876,555,"LOW"
"ANDHRA PRADESH","PRAKASHAM",2005,106,82,6,27,0,27,52,43,9,10,0,19,181,406,71,335,56,22,188,10,28,1317,7,169,27,156,0,320,1154,4343,FALSE,"2001-2005",296,658,359,"LOW"
"ANDHRA PRADESH","RANGA REDDY",2005,62,26,4,15,0,15,16,14,2,7,0,9,138,160,63,97,23,13,51,3,42,867,22,45,13,119,0,126,366,2127,FALSE,"2001-2005",135,361,199,"LOW"
"ANDHRA PRADESH","SECUNDERABAD RLY.",2005,11,1,0,0,0,0,4,0,4,2,0,2,0,407,0,407,0,0,6,10,0,16,2,1,1,0,0,2,43,508,FALSE,"2001-2005",20,407,4,"LOW"
"ANDHRA PRADESH","SRIKAKULAM",2005,36,0,2,15,1,14,17,16,1,1,0,11,101,211,5,206,18,18,58,11,28,1200,9,51,40,137,0,191,531,2686,FALSE,"2001-2005",80,317,237,"LOW"
"ANDHRA PRADESH","TOTAL",2005,2750,1724,111,935,1,934,1612,995,617,250,4,794,7954,23778,5465,18313,2026,948,7909,257,967,42179,443,3595,2508,8696,3,9973,37707,157123,FALSE,"2001-2005",8065,37197,15242,"HIGH"
"ANDHRA PRADESH","VIJAYAWADA",2005,41,40,4,32,0,32,87,49,38,3,0,31,456,1724,419,1305,9,23,443,8,22,1513,8,64,122,296,0,242,623,5791,FALSE,"2001-2005",234,2599,490,"HIGH"
"ANDHRA PRADESH","VIJAYAWADA RLY.",2005,5,2,0,0,0,0,1,0,1,0,0,0,0,261,0,261,0,0,3,0,0,5,0,2,0,0,0,4,33,316,FALSE,"2001-2005",8,261,2,"LOW"
"ANDHRA PRADESH","VISAKHA RURAL",2005,55,17,0,18,0,18,8,8,0,2,0,12,95,162,0,162,47,14,47,5,17,1331,7,36,9,153,0,309,343,2687,FALSE,"2001-2005",112,257,205,"LOW"
"ANDHRA PRADESH","VISAKHAPATNAM",2005,27,48,0,28,0,28,37,15,22,6,1,19,393,987,298,689,31,58,279,24,8,495,2,45,86,361,0,184,1336,4455,FALSE,"2001-2005",165,1678,494,"LOW"
"ANDHRA PRADESH","VIZIANAGARAM",2005,43,9,1,12,0,12,9,9,0,6,0,6,87,217,2,215,12,10,58,2,3,400,7,41,28,186,0,194,1229,2560,FALSE,"2001-2005",85,306,262,"LOW"
"ANDHRA PRADESH","WARANGAL",2005,117,93,2,34,0,34,82,64,18,7,0,29,318,650,181,469,249,15,300,17,45,1615,29,226,50,332,0,353,2120,6683,FALSE,"2001-2005",362,1149,637,"HIGH"
"ANDHRA PRADESH","WEST GODAVARI",2005,81,119,0,69,0,69,58,35,23,2,0,27,300,1204,236,968,54,96,312,10,33,2404,17,232,118,410,0,454,1200,7200,FALSE,"2001-2005",356,1740,777,"HIGH"
"ANDHRA PRADESH","ADILABAD",2006,99,88,14,64,0,64,96,71,25,10,0,17,228,390,64,326,102,19,194,5,34,1447,22,185,107,423,0,313,2265,6122,FALSE,"2006-2010",374,682,737,"HIGH"
"ANDHRA PRADESH","ANANTAPUR",2006,184,116,0,16,0,16,67,32,35,13,0,28,223,516,258,258,176,8,86,18,41,1132,16,187,11,189,0,396,1667,5090,FALSE,"2006-2010",424,997,403,"LOW"
"ANDHRA PRADESH","CHITTOOR",2006,126,59,1,31,0,31,65,37,28,13,0,19,238,1037,194,843,95,29,181,48,22,996,18,123,190,249,0,563,2337,6440,FALSE,"2006-2010",313,1469,580,"HIGH"
"ANDHRA PRADESH","CUDDAPAH",2006,98,0,3,25,0,25,68,51,17,4,0,15,157,377,84,293,148,19,184,6,32,985,10,130,84,199,0,422,2332,5298,FALSE,"2006-2010",210,618,423,"LOW"
"ANDHRA PRADESH","CYBERABAD",2006,193,92,11,60,0,60,166,90,76,13,1,86,1321,2339,642,1697,49,156,1275,6,43,3871,50,132,93,837,0,1064,2368,14226,FALSE,"2006-2010",610,4302,1112,"HIGH"
"ANDHRA PRADESH","EAST GODAVARI",2006,85,116,2,41,0,41,81,28,53,5,0,29,520,1385,221,1164,89,114,319,20,39,3456,25,173,107,465,0,610,1375,9056,FALSE,"2006-2010",357,2126,770,"HIGH"
"ANDHRA PRADESH","GUNTAKAL RLY.",2006,7,0,0,0,0,0,1,1,0,4,0,5,0,140,0,140,0,0,1,5,0,7,0,2,1,3,0,3,42,221,FALSE,"2006-2010",17,140,6,"LOW"
"ANDHRA PRADESH","GUNTUR",2006,155,119,4,47,0,47,99,35,64,3,0,19,303,1349,139,1210,139,73,507,26,73,1974,15,281,236,427,0,505,2726,9080,FALSE,"2006-2010",442,1791,959,"HIGH"
"ANDHRA PRADESH","HYDERABAD CITY",2006,125,116,6,93,0,93,143,77,66,12,0,99,1186,4408,1691,2717,128,84,1777,13,26,4581,29,189,108,1160,0,582,2430,17295,TRUE,"2006-2010",588,7285,1486,"HIGH"
"ANDHRA PRADESH","KARIMNAGAR",2006,147,103,8,73,0,73,151,119,32,3,0,22,225,699,24,675,117,32,481,15,45,1775,47,371,195,698,0,418,2516,8141,FALSE,"2006-2010",499,948,1311,"HIGH"
"ANDHRA PRADESH","KHAMMAM",2006,134,59,2,44,0,44,91,58,33,11,0,19,218,581,98,483,183,25,157,10,19,1202,17,171,129,327,0,405,2157,5961,FALSE,"2006-2010",358,897,644,"HIGH"
"ANDHRA PRADESH","KRISHNA",2006,73,60,1,36,0,36,54,38,16,1,0,2,182,540,75,465,32,16,126,12,60,2423,9,168,74,296,0,330,772,5267,FALSE,"2006-2010",226,797,547,"LOW"
"ANDHRA PRADESH","KURNOOL",2006,132,101,1,35,0,35,85,70,15,6,0,6,223,358,13,345,158,23,143,15,33,1268,9,341,157,157,0,459,2113,5823,FALSE,"2006-2010",365,594,664,"HIGH"
"ANDHRA PRADESH","MAHABOOBNAGAR",2006,191,75,17,67,0,67,73,62,11,9,0,28,190,738,4,734,125,32,169,3,53,2088,33,201,9,287,0,618,1314,6320,FALSE,"2006-2010",443,932,530,"HIGH"
"ANDHRA PRADESH","MEDAK",2006,134,69,9,57,0,57,63,39,24,5,0,28,289,558,113,445,72,23,218,6,72,2057,33,107,59,276,0,582,885,5602,FALSE,"2006-2010",356,960,475,"LOW"
"ANDHRA PRADESH","NALGONDA",2006,132,47,4,61,0,61,86,71,15,14,0,31,209,521,92,429,208,20,247,5,73,1853,40,246,126,395,0,638,2977,7933,FALSE,"2006-2010",371,822,807,"HIGH"
"ANDHRA PRADESH","NELLORE",2006,78,74,5,35,0,35,69,49,20,8,0,21,192,664,153,511,97,25,152,8,68,2265,10,192,137,294,0,365,1046,5805,FALSE,"2006-2010",285,1009,633,"HIGH"
"ANDHRA PRADESH","NIZAMABAD",2006,110,83,11,36,0,36,71,46,25,17,1,43,329,593,121,472,139,16,208,3,28,2127,18,115,64,431,0,371,998,5812,FALSE,"2006-2010",360,1043,628,"HIGH"
"ANDHRA PRADESH","PRAKASHAM",2006,92,111,3,23,0,23,83,68,15,5,0,30,279,559,102,457,99,30,266,2,30,1807,8,200,68,249,0,395,1437,5776,FALSE,"2006-2010",344,940,525,"HIGH"
"ANDHRA PRADESH","RANGA REDDY",2006,57,26,5,9,0,9,29,10,19,0,0,7,85,126,20,106,33,3,52,0,37,918,15,50,9,67,0,168,332,2028,FALSE,"2006-2010",128,231,141,"LOW"
"ANDHRA PRADESH","SECUNDERABAD RLY.",2006,11,0,0,2,0,2,3,1,2,2,0,8,0,222,0,222,0,0,7,10,0,8,2,0,0,1,0,3,32,311,FALSE,"2006-2010",26,222,3,"LOW"
"ANDHRA PRADESH","SRIKAKULAM",2006,46,0,6,27,0,27,21,21,0,0,0,2,119,214,0,214,71,14,69,3,26,1184,3,70,25,188,0,208,720,3016,FALSE,"2006-2010",96,333,286,"LOW"
"ANDHRA PRADESH","TOTAL",2006,2766,1860,123,1049,1,1048,2030,1329,701,178,3,679,8304,23510,5313,18197,2916,1007,8363,324,1012,47946,519,4534,2411,9164,0,11489,43722,173909,FALSE,"2006-2010",8562,37127,16628,"HIGH"
"ANDHRA PRADESH","VIJAYAWADA CITY",2006,43,50,6,21,1,20,86,60,26,3,0,34,392,1495,424,1071,11,58,410,12,10,1619,8,135,158,336,0,246,729,5862,FALSE,"2006-2010",237,2311,637,"HIGH"
"ANDHRA PRADESH","VIJAYAWADA RLY.",2006,2,1,0,0,0,0,0,0,0,1,0,2,0,259,0,259,2,1,2,2,0,14,0,5,1,0,0,3,44,339,FALSE,"2006-2010",6,259,6,"LOW"
"ANDHRA PRADESH","VISAKHA RURAL",2006,65,29,1,6,0,6,11,11,0,5,0,6,96,181,0,181,49,13,83,3,27,1613,4,45,38,158,0,418,384,3235,FALSE,"2006-2010",122,277,245,"LOW"
"ANDHRA PRADESH","VISAKHAPATNAM",2006,37,30,1,21,0,21,49,40,9,3,1,27,417,1121,356,765,28,66,261,27,8,540,10,62,30,397,0,247,2095,5478,FALSE,"2006-2010",167,1894,499,"LOW"
"ANDHRA PRADESH","VIZIANAGARAM",2006,35,17,0,16,0,16,20,16,4,6,0,8,89,171,1,170,50,10,57,5,8,549,5,69,22,171,0,218,1429,2955,FALSE,"2006-2010",102,261,267,"LOW"
"ANDHRA PRADESH","WARANGAL",2006,116,89,2,50,0,50,103,78,25,1,0,19,319,718,188,530,464,15,290,10,70,1743,40,230,56,480,0,487,2577,7879,FALSE,"2006-2010",378,1225,806,"HIGH"
"ANDHRA PRADESH","WEST GODAVARI",2006,59,130,0,53,0,53,96,50,46,1,0,19,275,1251,236,1015,52,83,441,26,35,2444,23,354,117,4,0,452,1623,7538,FALSE,"2006-2010",358,1762,498,"HIGH"
"ANDHRA PRADESH","ADILABAD",2007,112,61,12,46,0,46,83,72,11,4,0,9,211,481,80,401,95,15,179,2,17,1244,21,156,133,335,0,309,2160,5685,FALSE,"2006-2010",315,772,645,"LOW"
"ANDHRA PRADESH","ANANTAPUR",2007,149,85,3,31,0,31,87,35,52,10,0,20,203,603,76,527,85,13,125,17,8,1073,14,176,194,0,0,398,1888,5182,FALSE,"2006-2010",382,882,384,"LOW"
"ANDHRA PRADESH","CHITTOOR",2007,129,72,2,31,0,31,102,47,55,27,0,25,217,1134,302,832,74,26,248,5,48,1101,25,118,197,395,0,620,2499,7095,FALSE,"2006-2010",386,1653,735,"HIGH"
"ANDHRA PRADESH","CUDDAPAH",2007,96,47,3,32,0,32,76,68,8,4,0,8,163,420,106,314,85,30,221,4,29,982,8,139,94,242,0,467,2350,5500,FALSE,"2006-2010",263,689,483,"LOW"
"ANDHRA PRADESH","CYBERABAD",2007,186,84,8,45,0,45,147,100,47,21,4,90,1165,2928,1124,1804,88,103,1192,5,74,3641,41,118,55,881,0,1188,2172,14236,FALSE,"2006-2010",573,5217,1095,"HIGH"
"ANDHRA PRADESH","EAST GODAVARI",2007,99,114,2,30,0,30,84,64,20,1,0,19,428,1361,398,963,26,75,320,19,52,2538,19,159,131,561,0,692,1850,8580,FALSE,"2006-2010",347,2187,870,"HIGH"
"ANDHRA PRADESH","GUNTAKAL RLY.",2007,3,0,0,0,0,0,2,1,1,2,0,2,0,119,0,119,0,0,1,4,0,8,0,0,4,3,0,2,25,175,FALSE,"2006-2010",9,119,7,"LOW"
"ANDHRA PRADESH","GUNTUR",2007,157,190,1,43,0,43,93,79,14,4,0,19,251,1128,290,838,60,42,376,18,77,1567,28,292,214,569,0,612,2918,8659,FALSE,"2006-2010",506,1669,1103,"HIGH"
"ANDHRA PRADESH","HYDERABAD CITY",2007,121,147,9,58,0,58,148,74,74,6,0,96,993,4542,1685,2857,214,116,1669,7,37,4352,41,216,128,1365,0,502,2624,17391,TRUE,"2006-2010",576,7220,1750,"HIGH"
"ANDHRA PRADESH","KARIMNAGAR",2007,123,95,5,73,0,73,152,135,17,3,0,16,301,803,8,795,158,52,432,0,55,2971,61,315,278,687,0,483,1472,8535,FALSE,"2006-2010",462,1112,1341,"HIGH"
"ANDHRA PRADESH","KHAMMAM",2007,125,58,5,81,0,81,104,73,31,4,0,27,242,562,93,469,159,20,162,10,28,1137,28,176,272,422,0,463,2130,6215,FALSE,"2006-2010",399,897,898,"HIGH"
"ANDHRA PRADESH","KRISHNA",2007,64,52,1,27,0,27,57,47,10,0,0,10,164,521,65,456,20,16,147,8,53,2370,13,161,150,348,0,307,689,5178,FALSE,"2006-2010",210,750,672,"LOW"
"ANDHRA PRADESH","KURNOOL",2007,124,119,2,36,0,36,85,64,21,12,0,11,247,406,121,285,88,37,226,12,41,1234,7,327,219,364,0,465,2097,6159,FALSE,"2006-2010",387,774,917,"HIGH"
"ANDHRA PRADESH","MAHABOOBNAGAR",2007,173,63,31,87,0,87,86,75,11,10,0,34,261,759,6,753,87,19,198,4,77,2151,27,132,21,218,0,666,1285,6389,FALSE,"2006-2010",453,1026,398,"HIGH"
"ANDHRA PRADESH","MEDAK",2007,128,95,13,51,0,51,65,56,9,2,0,25,268,602,133,469,62,11,253,3,66,1869,49,115,96,346,0,963,988,6070,FALSE,"2006-2010",366,1003,606,"HIGH"
"ANDHRA PRADESH","NALGONDA",2007,135,55,4,69,0,69,87,75,12,8,0,45,240,468,109,359,117,16,232,6,82,1816,36,233,112,429,0,718,3052,7960,FALSE,"2006-2010",399,817,810,"HIGH"
"ANDHRA PRADESH","NELLORE",2007,68,81,3,44,0,44,67,65,2,2,0,11,239,718,169,549,63,30,168,5,59,2299,14,203,123,331,0,416,1047,5991,FALSE,"2006-2010",273,1126,671,"HIGH"
"ANDHRA PRADESH","NIZAMABAD",2007,151,77,9,23,0,23,60,48,12,22,1,17,287,490,83,407,84,20,161,5,40,1695,25,88,59,455,0,418,991,5178,FALSE,"2006-2010",350,860,627,"LOW"
"ANDHRA PRADESH","PRAKASHAM",2007,78,63,1,40,0,40,74,65,9,4,0,20,207,511,126,385,27,27,199,12,122,1303,7,171,266,261,0,352,1910,5655,FALSE,"2006-2010",279,844,705,"LOW"
"ANDHRA PRADESH","RANGA REDDY",2007,72,21,6,21,0,21,27,10,17,3,0,2,110,150,18,132,19,8,67,0,26,872,25,40,10,93,0,182,416,2170,FALSE,"2006-2010",146,278,168,"LOW"
"ANDHRA PRADESH","SECUNDERABAD RLY.",2007,12,0,0,0,0,0,0,0,0,0,0,6,0,339,0,339,0,0,8,14,0,13,0,2,0,0,0,4,47,445,FALSE,"2006-2010",18,339,2,"LOW"
"ANDHRA PRADESH","SRIKAKULAM",2007,31,5,0,30,0,30,19,19,0,2,0,8,142,206,16,190,35,17,93,4,40,1607,12,99,57,345,0,263,883,3898,FALSE,"2006-2010",95,364,513,"LOW"
"ANDHRA PRADESH","TOTAL",2007,2665,1885,135,1070,0,1070,2097,1564,533,170,6,614,7677,24391,6183,18208,1998,869,8103,224,1176,46122,613,4406,3316,11335,0,12629,43586,175087,FALSE,"2006-2010",8501,38251,19670,"HIGH"
"ANDHRA PRADESH","VIJAYAWADA CITY",2007,33,44,3,17,0,17,64,49,15,0,0,31,225,1377,326,1051,2,44,339,3,18,1671,10,131,202,531,0,265,577,5587,FALSE,"2006-2010",189,1928,874,"LOW"
"ANDHRA PRADESH","VIJAYAWADA RLY.",2007,3,1,0,0,0,0,0,0,0,1,0,4,0,293,0,293,2,1,4,0,0,5,0,4,1,1,0,6,47,373,FALSE,"2006-2010",9,293,6,"LOW"
"ANDHRA PRADESH","VISAKHA RURAL",2007,70,36,6,12,0,12,11,11,0,2,0,7,90,111,2,109,57,5,73,5,20,1682,7,57,24,167,0,382,454,3278,FALSE,"2006-2010",138,203,255,"LOW"
"ANDHRA PRADESH","VISAKHAPATNAM",2007,21,23,1,24,0,24,39,23,16,9,1,24,370,1215,417,798,24,65,285,16,9,513,14,100,25,535,0,255,1912,5480,FALSE,"2006-2010",140,2002,674,"LOW"
"ANDHRA PRADESH","VIZIANAGARAM",2007,34,30,0,10,0,10,23,20,3,3,0,5,97,253,1,252,17,8,66,5,11,495,3,90,46,270,0,239,1551,3256,FALSE,"2006-2010",105,351,409,"LOW"
"ANDHRA PRADESH","WARANGAL",2007,106,61,5,57,0,57,138,109,29,1,0,15,277,697,202,495,217,8,294,9,63,1690,56,279,50,608,0,469,2233,7333,FALSE,"2006-2010",378,1176,993,"HIGH"
"ANDHRA PRADESH","WEST GODAVARI",2007,62,106,0,52,0,52,117,80,37,3,0,8,279,1194,227,967,33,45,365,22,24,2223,22,309,155,573,0,523,1319,7434,FALSE,"2006-2010",348,1700,1059,"HIGH"
"ANDHRA PRADESH","ADILABAD",2008,73,82,14,50,0,50,41,26,15,3,0,20,248,427,56,371,100,17,135,1,45,1289,5,174,103,355,0,336,1782,5300,FALSE,"2006-2010",269,731,637,"LOW"
"ANDHRA PRADESH","ANANTAPUR",2008,154,80,4,37,0,37,90,36,54,10,0,20,222,496,187,309,51,24,108,15,0,1050,12,133,132,0,0,334,2762,5734,FALSE,"2006-2010",391,905,277,"HIGH"
"ANDHRA PRADESH","CHITTOOR",2008,123,65,7,30,0,30,84,57,27,6,0,20,260,1321,420,901,64,29,295,20,33,1017,26,104,250,288,0,730,2535,7307,FALSE,"2006-2010",328,2001,668,"HIGH"
"ANDHRA PRADESH","CUDDAPAH",2008,114,94,5,27,0,27,76,64,12,2,0,12,149,537,151,386,143,28,248,3,11,1149,11,212,37,267,0,496,2984,6605,FALSE,"2006-2010",325,837,527,"HIGH"
"ANDHRA PRADESH","CYBERABAD",2008,197,66,3,80,0,80,141,101,40,7,0,81,1319,3081,1202,1879,74,103,1183,6,42,3321,59,130,833,884,0,1166,1397,14173,FALSE,"2006-2010",572,5602,1906,"HIGH"
"ANDHRA PRADESH","EAST GODAVARI",2008,82,112,1,48,0,48,91,13,78,0,0,19,425,1189,256,933,48,109,328,36,47,3172,23,194,131,563,0,642,1175,8435,FALSE,"2006-2010",352,1870,911,"HIGH"
"ANDHRA PRADESH","GUNTAKAL RLY.",2008,7,0,0,0,0,0,0,0,0,0,0,1,0,122,0,122,0,1,4,7,0,7,0,3,1,2,0,2,14,171,FALSE,"2006-2010",8,122,6,"LOW"
"ANDHRA PRADESH","GUNTUR",2008,159,196,3,48,0,48,83,65,18,4,4,25,336,1233,392,841,64,40,393,21,74,1615,26,306,99,496,0,621,3065,8911,FALSE,"2006-2010",515,1961,927,"HIGH"
"ANDHRA PRADESH","HYDERABAD CITY",2008,122,126,5,62,0,62,140,77,63,10,0,115,1143,5200,2106,3094,143,143,1875,42,44,4244,41,231,148,1184,0,482,3067,18567,TRUE,"2006-2010",575,8449,1604,"HIGH"
"ANDHRA PRADESH","KARIMNAGAR",2008,134,114,12,84,0,84,159,148,11,1,1,15,294,697,158,539,153,36,525,5,56,2937,48,310,273,596,0,519,1368,8337,FALSE,"2006-2010",507,1149,1227,"HIGH"
"ANDHRA PRADESH","KHAMMAM",2008,123,47,5,70,0,70,103,83,20,3,5,9,251,560,186,374,97,23,150,8,28,1089,26,213,24,329,0,492,2179,5834,FALSE,"2006-2010",355,997,592,"HIGH"
"ANDHRA PRADESH","KRISHNA",2008,53,63,4,38,0,38,69,52,17,0,0,11,166,587,121,466,13,9,114,13,38,2434,12,254,93,379,0,403,775,5528,FALSE,"2006-2010",234,874,738,"LOW"
"ANDHRA PRADESH","KURNOOL",2008,116,143,5,47,0,47,89,72,17,14,0,28,252,530,160,370,158,22,282,9,9,2972,17,419,232,227,0,551,1713,7835,FALSE,"2006-2010",437,942,895,"HIGH"
"ANDHRA PRADESH","MAHABOOBNAGAR",2008,188,66,30,72,0,72,104,87,17,9,0,36,256,923,8,915,65,16,173,9,56,2306,35,162,38,231,0,696,1190,6661,FALSE,"2006-2010",475,1187,466,"HIGH"
"ANDHRA PRADESH","MEDAK",2008,140,57,10,50,0,50,62,44,18,7,0,20,297,641,145,496,57,24,241,9,37,2190,35,114,61,332,0,672,933,5989,FALSE,"2006-2010",336,1083,542,"HIGH"
"ANDHRA PRADESH","NALGONDA",2008,121,76,3,90,0,90,91,76,15,7,0,31,279,551,132,419,135,24,218,7,77,1762,32,243,155,353,0,728,3043,8026,FALSE,"2006-2010",416,962,783,"HIGH"
"ANDHRA PRADESH","NELLORE",2008,70,73,6,39,0,39,83,73,10,4,1,23,266,735,249,486,43,79,121,19,52,2408,6,184,130,333,0,414,1029,6118,FALSE,"2006-2010",292,1250,653,"HIGH"
"ANDHRA PRADESH","NIZAMABAD",2008,153,61,17,31,0,31,51,25,26,7,0,31,338,686,96,590,67,28,241,6,47,1969,16,70,85,305,0,420,1080,5709,FALSE,"2006-2010",334,1120,476,"HIGH"
"ANDHRA PRADESH","PRAKASHAM",2008,75,59,4,30,0,30,66,53,13,5,0,12,173,413,124,289,28,35,216,10,124,1222,5,192,38,229,0,445,2072,5453,FALSE,"2006-2010",247,710,464,"LOW"
"ANDHRA PRADESH","RANGA REDDY",2008,91,35,8,37,0,37,23,13,10,2,0,8,142,184,28,156,19,15,65,2,30,855,19,39,25,120,0,190,510,2419,FALSE,"2006-2010",196,354,203,"LOW"
"ANDHRA PRADESH","SECUNDERABAD RLY.",2008,10,0,0,2,0,2,0,0,0,0,0,2,0,371,0,371,0,0,4,6,0,17,0,1,0,0,0,3,60,476,FALSE,"2006-2010",14,371,1,"LOW"
"ANDHRA PRADESH","SRIKAKULAM",2008,25,0,2,32,0,32,18,14,4,2,0,4,147,219,21,198,8,8,59,12,26,1632,6,92,72,314,0,269,961,3908,FALSE,"2006-2010",81,387,484,"LOW"
"ANDHRA PRADESH","TOTAL",2008,2690,1942,165,1257,0,1257,1970,1396,574,110,11,623,8332,25362,7297,18065,1930,990,8393,379,1021,48167,556,4730,3551,10306,0,12861,43929,179275,FALSE,"2006-2010",8592,40991,19143,"HIGH"
"ANDHRA PRADESH","VIJAYAWADA CITY",2008,34,58,1,30,0,30,49,36,13,1,0,24,189,1176,321,855,8,52,326,13,23,1482,9,104,252,395,0,291,610,5127,FALSE,"2006-2010",196,1686,760,"LOW"
"ANDHRA PRADESH","VIJAYAWADA RLY.",2008,1,1,0,0,0,0,1,0,1,0,0,3,1,306,0,306,1,0,3,28,0,12,0,1,1,0,0,1,57,417,FALSE,"2006-2010",6,307,2,"LOW"
"ANDHRA PRADESH","VISAKHA RURAL",2008,65,40,4,12,0,12,12,9,3,0,0,3,103,153,4,149,159,5,61,5,20,1509,10,79,40,168,0,365,294,3107,FALSE,"2006-2010",132,260,297,"LOW"
"ANDHRA PRADESH","VISAKHAPATNAM",2008,32,36,1,29,0,29,34,26,8,3,0,28,263,1045,343,702,14,31,267,21,10,412,13,87,2,488,0,313,1886,5015,FALSE,"2006-2010",162,1651,590,"LOW"
"ANDHRA PRADESH","VIZIANAGARAM",2008,29,21,3,6,0,6,16,14,2,0,0,1,147,206,0,206,12,6,99,12,21,478,3,88,60,253,0,270,1411,3142,FALSE,"2006-2010",73,353,404,"LOW"
"ANDHRA PRADESH","WARANGAL",2008,121,73,5,59,0,59,82,62,20,1,0,3,263,455,140,315,173,15,304,14,44,1562,36,223,54,519,0,512,2240,6758,FALSE,"2006-2010",339,858,832,"HIGH"
"ANDHRA PRADESH","WEST GODAVARI",2008,78,98,3,117,0,117,112,70,42,2,0,18,403,1318,291,1027,33,68,355,20,27,2055,25,368,182,696,0,498,1737,8213,FALSE,"2006-2010",425,2012,1271,"HIGH"
"ANDHRA PRADESH","ADILABAD",2009,85,39,11,67,0,67,73,56,17,6,0,20,200,351,82,269,101,11,161,7,35,1254,13,192,163,428,0,333,1762,5312,FALSE,"2006-2010",290,633,796,"LOW"
"ANDHRA PRADESH","ANANTAPUR",2009,140,78,4,22,0,22,68,60,8,9,0,24,176,547,47,500,98,24,104,26,22,1049,14,157,13,143,0,649,1814,5181,FALSE,"2006-2010",341,770,327,"LOW"
"ANDHRA PRADESH","CHITTOOR",2009,85,68,2,33,0,33,74,46,28,4,0,17,251,1208,521,687,104,25,276,32,45,1040,19,120,268,333,0,682,2582,7268,FALSE,"2006-2010",281,1980,740,"HIGH"
"ANDHRA PRADESH","CUDDAPAH",2009,93,44,0,27,0,27,57,47,10,2,0,9,103,460,144,316,162,30,206,5,44,1061,17,165,52,124,0,522,2327,5510,FALSE,"2006-2010",232,707,358,"LOW"
"ANDHRA PRADESH","CYBERABAD",2009,186,84,15,82,0,82,168,113,55,11,1,72,1348,3358,1365,1993,83,124,1174,13,71,3136,46,173,155,991,0,1063,2487,14841,FALSE,"2006-2010",603,6071,1365,"HIGH"
"ANDHRA PRADESH","EAST GODAVARI",2009,93,96,5,47,0,47,80,60,20,1,0,29,456,1120,325,795,62,101,301,32,35,3047,23,196,178,440,0,666,1652,8660,FALSE,"2006-2010",346,1901,837,"HIGH"
"ANDHRA PRADESH","GUNTAKAL RLY.",2009,7,0,0,0,0,0,0,0,0,0,0,0,0,169,0,169,0,2,1,1,0,5,0,3,1,0,0,3,22,214,FALSE,"2006-2010",7,169,4,"LOW"
"ANDHRA PRADESH","GUNTUR",2009,150,140,0,40,0,40,79,62,17,4,2,44,343,1186,407,779,71,28,384,45,72,2023,26,340,451,720,0,785,2873,9806,FALSE,"2006-2010",457,1936,1537,"HIGH"
"ANDHRA PRADESH","HYDERABAD CITY",2009,153,110,5,47,0,47,108,55,53,5,0,59,969,5091,2095,2996,199,85,2007,49,7,3516,36,295,63,1363,0,516,3157,17840,TRUE,"2006-2010",482,8155,1757,"HIGH"
"ANDHRA PRADESH","KARIMNAGAR",2009,91,98,15,48,0,48,128,106,22,2,20,15,250,528,125,403,185,25,396,3,75,2751,40,292,234,635,0,517,1554,7902,FALSE,"2006-2010",382,903,1201,"HIGH"
"ANDHRA PRADESH","KHAMMAM",2009,118,69,3,98,0,98,108,96,12,6,3,23,253,512,184,328,138,31,164,8,11,1111,18,205,152,519,0,478,2200,6228,FALSE,"2006-2010",422,949,894,"HIGH"
"ANDHRA PRADESH","KRISHNA",2009,72,104,3,43,0,43,49,35,14,2,1,11,168,519,134,385,43,26,135,11,36,2578,14,297,130,402,0,397,852,5893,FALSE,"2006-2010",281,821,843,"HIGH"
"ANDHRA PRADESH","KURNOOL",2009,103,170,2,31,0,31,83,73,10,9,0,19,282,495,189,306,167,28,265,15,46,1713,17,398,365,239,0,522,3033,8002,FALSE,"2006-2010",415,966,1019,"HIGH"
"ANDHRA PRADESH","MAHABOOBNAGAR",2009,158,68,18,74,0,74,103,101,2,1,0,16,256,1009,5,1004,120,18,171,16,73,2269,24,215,75,299,0,740,1249,6972,FALSE,"2006-2010",420,1270,613,"HIGH"
"ANDHRA PRADESH","MEDAK",2009,120,61,8,46,0,46,61,51,10,4,0,25,260,598,128,470,69,19,268,4,54,2010,27,118,58,368,0,607,1102,5887,FALSE,"2006-2010",317,986,571,"HIGH"
"ANDHRA PRADESH","NALGONDA",2009,124,63,7,77,0,77,109,75,34,9,0,32,272,494,107,387,107,36,282,8,97,1808,41,254,205,364,0,746,3482,8617,FALSE,"2006-2010",414,873,864,"HIGH"
"ANDHRA PRADESH","NELLORE",2009,66,82,3,32,0,32,50,48,2,14,0,7,189,599,206,393,41,44,193,17,38,2304,3,287,128,305,0,485,980,5867,FALSE,"2006-2010",251,994,723,"HIGH"
"ANDHRA PRADESH","NIZAMABAD",2009,106,55,3,27,0,27,46,41,5,4,0,16,241,417,105,312,37,18,201,15,49,1595,19,79,75,518,0,408,961,4890,FALSE,"2006-2010",254,763,691,"LOW"
"ANDHRA PRADESH","PRAKASHAM",2009,78,91,6,27,0,27,66,44,22,1,0,3,180,423,132,291,47,31,194,15,26,1303,14,197,51,248,0,510,2614,6125,FALSE,"2006-2010",266,735,510,"HIGH"
"ANDHRA PRADESH","RANGA REDDY",2009,63,27,4,26,0,26,29,20,9,2,0,5,99,128,12,116,18,3,57,2,20,777,20,44,25,108,0,139,446,2042,FALSE,"2006-2010",152,239,197,"LOW"
"ANDHRA PRADESH","SECUNDERABAD RLY.",2009,9,1,0,0,0,0,0,0,0,0,0,0,0,463,0,463,0,0,3,0,0,8,0,3,0,0,0,5,96,588,FALSE,"2006-2010",10,463,3,"LOW"
"ANDHRA PRADESH","SRIKAKULAM",2009,31,2,1,21,0,21,20,20,0,1,0,5,125,162,2,160,8,22,63,16,18,755,6,67,44,211,0,229,1547,3354,FALSE,"2006-2010",80,289,328,"LOW"
"ANDHRA PRADESH","TOTAL",2009,2449,1859,134,1188,0,1188,1958,1526,432,102,27,544,7772,24692,7804,16888,2261,904,8528,461,1039,44488,546,5147,3520,11297,0,13438,48087,180441,FALSE,"2006-2010",8100,40268,20510,"HIGH"
"ANDHRA PRADESH","VIJAYAWADA CITY",2009,34,54,1,23,0,23,63,53,10,0,0,22,176,1137,439,698,8,23,306,38,16,1547,17,177,198,433,0,290,617,5180,FALSE,"2006-2010",196,1752,825,"LOW"
"ANDHRA PRADESH","VIJAYAWADA RLY.",2009,3,4,0,0,0,0,0,0,0,0,0,3,1,510,0,510,0,5,4,1,0,23,0,0,0,0,0,1,37,592,FALSE,"2006-2010",10,511,0,"LOW"
"ANDHRA PRADESH","VISAKHA RURAL",2009,47,36,2,14,0,14,18,7,11,0,0,4,94,158,34,124,40,5,79,7,20,1172,8,57,56,167,0,332,422,2738,FALSE,"2006-2010",119,286,288,"LOW"
"ANDHRA PRADESH","VISAKHAPATNAM",2009,28,25,4,39,0,39,48,26,22,1,0,21,311,1040,420,620,12,62,270,19,13,473,13,95,54,481,0,428,1979,5416,FALSE,"2006-2010",162,1771,643,"LOW"
"ANDHRA PRADESH","VIZIANAGARAM",2009,30,24,2,13,0,13,15,12,3,1,0,4,128,242,1,241,8,12,118,19,15,523,8,103,105,297,0,265,1519,3451,FALSE,"2006-2010",87,371,513,"LOW"
"ANDHRA PRADESH","WARANGAL",2009,103,42,5,70,0,70,140,130,10,3,0,14,277,516,216,300,289,9,365,7,40,1421,49,234,25,432,0,510,2928,7479,FALSE,"2006-2010",372,1009,740,"HIGH"
"ANDHRA PRADESH","WEST GODAVARI",2009,73,124,5,114,0,114,115,89,26,0,0,25,364,1252,379,873,44,57,380,30,61,2216,14,384,196,729,0,610,1793,8586,FALSE,"2006-2010",451,1995,1323,"HIGH"
"ANDHRA PRADESH","ADILABAD",2010,98,90,9,48,0,48,55,48,7,5,0,15,196,302,85,217,65,36,162,1,26,1044,18,133,155,429,0,342,1726,4955,FALSE,"2006-2010",311,583,735,"LOW"
"ANDHRA PRADESH","ANANTAPUR",2010,137,101,7,20,0,20,81,60,21,18,0,21,291,730,230,500,65,23,226,2,35,2066,20,132,35,250,0,574,1020,5854,FALSE,"2006-2010",378,1251,437,"HIGH"
"ANDHRA PRADESH","CHITTOOR",2010,100,50,1,44,0,44,85,56,29,8,0,12,149,484,116,368,58,16,152,7,19,827,32,136,121,388,0,552,1977,5218,FALSE,"2006-2010",299,749,677,"LOW"
"ANDHRA PRADESH","CUDDAPAH",2010,99,40,5,39,0,39,63,51,12,2,0,9,144,488,133,355,99,37,152,4,37,1385,15,137,45,321,0,484,2089,5694,FALSE,"2006-2010",252,765,518,"HIGH"
"ANDHRA PRADESH","CYBERABAD",2010,187,84,10,95,0,95,150,72,78,14,1,63,1361,4015,1609,2406,60,173,1256,18,61,3529,43,157,1257,1191,0,1080,1543,16348,FALSE,"2006-2010",593,6985,2648,"HIGH"
"ANDHRA PRADESH","EAST GODAVARI",2010,71,91,23,66,0,66,51,30,21,3,0,11,318,836,297,539,29,80,271,6,24,2060,20,193,188,246,0,577,1185,6349,FALSE,"2006-2010",293,1451,647,"HIGH"
"ANDHRA PRADESH","GUNTAKAL RLY.",2010,8,1,0,0,0,0,4,2,2,0,0,2,0,221,0,221,0,0,3,2,1,4,0,2,2,0,0,3,34,287,FALSE,"2006-2010",15,221,4,"LOW"
"ANDHRA PRADESH","GUNTUR",2010,107,107,1,38,0,38,55,39,16,9,0,15,222,648,172,476,48,60,208,11,54,1408,20,282,409,456,0,550,1804,6512,FALSE,"2006-2010",331,1042,1167,"HIGH"
"ANDHRA PRADESH","GUNTUR URBAN",2010,43,26,1,12,0,12,27,5,22,2,0,19,123,743,220,523,9,34,236,2,9,321,13,48,54,245,0,232,1009,3208,FALSE,"2006-2010",129,1086,360,"LOW"
"ANDHRA PRADESH","HYDERABAD CITY",2010,134,143,8,45,0,45,121,41,80,7,0,54,906,4916,1543,3373,513,96,2021,29,15,3425,44,171,60,1420,0,542,2879,17549,TRUE,"2006-2010",504,7365,1695,"HIGH"
"ANDHRA PRADESH","KARIMNAGAR",2010,139,86,8,65,0,65,158,128,30,2,0,16,282,673,251,422,158,41,489,1,56,2791,39,237,241,636,0,571,1631,8320,FALSE,"2006-2010",466,1206,1153,"HIGH"
"ANDHRA PRADESH","KHAMMAM",2010,93,70,4,62,0,62,71,66,5,2,0,11,210,511,172,339,130,25,233,4,38,1994,17,147,129,354,0,497,969,5571,FALSE,"2006-2010",309,893,647,"LOW"
"ANDHRA PRADESH","KRISHNA",2010,80,79,1,54,0,54,75,67,8,2,1,9,195,563,107,456,36,13,171,6,28,2323,22,300,149,412,0,440,860,5819,FALSE,"2006-2010",299,865,883,"HIGH"
"ANDHRA PRADESH","KURNOOL",2010,156,145,6,49,0,49,85,67,18,5,0,20,211,491,164,327,84,28,301,9,41,1500,19,347,268,501,0,593,2399,7258,FALSE,"2006-2010",460,866,1135,"HIGH"
"ANDHRA PRADESH","MAHABOOBNAGAR",2010,177,58,14,89,0,89,87,78,9,1,0,24,253,1224,7,1217,46,28,185,3,37,1903,34,174,78,233,0,734,1322,6704,FALSE,"2006-2010",436,1484,519,"HIGH"
"ANDHRA PRADESH","MEDAK",2010,96,59,11,49,0,49,83,68,15,7,0,21,325,544,168,376,46,13,231,2,58,1654,29,103,95,316,0,655,872,5269,FALSE,"2006-2010",315,1037,543,"LOW"
"ANDHRA PRADESH","NALGONDA",2010,118,68,5,68,0,68,81,81,0,4,0,36,303,595,191,404,99,46,245,4,57,1420,32,195,192,218,0,748,3202,7736,FALSE,"2006-2010",375,1089,637,"HIGH"
"ANDHRA PRADESH","NELLORE",2010,72,86,2,28,0,28,77,74,3,6,0,11,237,780,299,481,34,38,244,6,43,1951,6,176,119,382,0,484,997,5779,FALSE,"2006-2010",280,1316,683,"HIGH"
"ANDHRA PRADESH","NIZAMABAD",2010,98,45,8,62,0,62,65,50,15,4,0,23,329,704,205,499,56,12,206,7,36,1805,21,114,75,626,0,442,1077,5815,FALSE,"2006-2010",297,1238,836,"HIGH"
"ANDHRA PRADESH","PRAKASHAM",2010,98,99,2,29,0,29,84,65,19,8,0,14,188,455,56,399,23,47,188,1,32,1118,13,253,32,216,0,488,2054,5442,FALSE,"2006-2010",332,699,514,"LOW"
"ANDHRA PRADESH","RAJAHMUNDRY",2010,21,20,1,10,0,10,30,12,18,3,0,10,129,382,6,376,5,35,82,4,4,620,4,47,39,96,0,164,316,2022,FALSE,"2006-2010",94,517,186,"LOW"
"ANDHRA PRADESH","RANGA REDDY",2010,33,26,5,19,0,19,21,19,2,0,0,4,66,120,24,96,20,4,59,1,17,638,19,39,26,75,0,167,317,1676,FALSE,"2006-2010",103,210,159,"LOW"
"ANDHRA PRADESH","SECUNDERABAD RLY.",2010,2,0,0,1,0,1,1,1,0,0,0,8,0,357,0,357,0,0,3,4,1,8,0,2,2,0,0,3,70,462,FALSE,"2006-2010",12,357,4,"LOW"
"ANDHRA PRADESH","SRIKAKULAM",2010,31,43,0,35,0,35,31,31,0,2,0,7,139,306,5,301,53,12,99,1,21,833,5,93,92,233,0,317,2557,4910,FALSE,"2006-2010",149,450,423,"LOW"
"ANDHRA PRADESH","TIRUPATHI URBAN",2010,31,35,0,10,0,10,26,15,11,2,0,4,119,636,221,415,25,7,150,1,4,696,5,38,25,85,0,237,471,2607,FALSE,"2006-2010",108,976,153,"LOW"
"ANDHRA PRADESH","TOTAL",2010,2538,1953,155,1362,0,1362,2053,1531,522,134,2,550,8200,26756,7422,19334,2231,1130,9164,186,925,46777,588,4634,4562,12080,0,14085,41373,181438,FALSE,"2006-2010",8590,42378,21864,"HIGH"
"ANDHRA PRADESH","VIJAYAWADA CITY",2010,33,49,1,25,0,25,87,65,22,3,0,20,228,1324,539,785,8,52,398,16,20,1565,17,172,219,626,0,363,607,5833,FALSE,"2006-2010",217,2091,1034,"HIGH"
"ANDHRA PRADESH","VIJAYAWADA RLY.",2010,3,1,0,1,0,1,0,0,0,1,0,10,0,360,0,360,1,1,4,0,0,12,3,6,0,4,0,5,37,449,FALSE,"2006-2010",16,360,13,"LOW"
"ANDHRA PRADESH","VISAKHA RURAL",2010,79,26,2,42,0,42,27,12,15,1,0,1,110,250,15,235,70,10,112,4,27,1263,8,92,52,222,0,347,567,3312,FALSE,"2006-2010",176,375,374,"LOW"
"ANDHRA PRADESH","VISAKHAPATNAM",2010,24,25,4,53,0,53,34,24,10,8,0,40,335,1234,134,1100,2,75,294,16,28,2443,11,59,52,393,0,466,1516,7112,FALSE,"2006-2010",184,1703,515,"HIGH"
"ANDHRA PRADESH","VIZIANAGARAM",2010,26,40,2,32,0,32,19,15,4,1,0,6,122,269,0,269,0,11,117,6,15,526,14,101,85,312,0,312,1846,3862,FALSE,"2006-2010",124,391,512,"LOW"
"ANDHRA PRADESH","WARANGAL",2010,49,19,5,28,0,28,49,39,10,3,0,6,141,132,5,127,146,0,131,2,10,803,7,98,10,50,0,248,780,2717,FALSE,"2006-2010",154,278,165,"LOW"
"ANDHRA PRADESH","WARANGAL URBAN",2010,21,16,1,17,0,17,28,28,0,0,0,6,122,245,0,245,44,3,165,1,42,566,12,50,25,412,0,245,495,2516,FALSE,"2006-2010",88,367,499,"LOW"
"ANDHRA PRADESH","WEST GODAVARI",2010,74,125,8,127,0,127,142,122,20,1,0,22,446,1218,448,770,199,74,370,5,29,2276,26,400,231,732,0,623,1145,8273,FALSE,"2006-2010",491,2112,1389,"HIGH"
"ANDHRA PRADESH","ADILABAD",2011,109,94,8,84,0,84,77,70,7,5,0,8,230,346,96,250,85,24,175,3,33,1897,20,112,142,429,0,359,881,5121,FALSE,"2011-2014",377,672,703,"LOW"
"ANDHRA PRADESH","ANANTAPUR",2011,171,108,5,16,0,16,83,83,0,13,0,15,247,645,175,470,85,16,155,1,38,1977,36,156,16,198,0,595,854,5430,FALSE,"2011-2014",406,1067,406,"LOW"
"ANDHRA PRADESH","CHITTOOR",2011,91,55,5,17,0,17,84,47,37,5,0,17,159,612,245,367,84,21,163,10,57,1848,25,124,168,421,0,500,758,5224,FALSE,"2011-2014",269,1016,738,"LOW"
"ANDHRA PRADESH","CUDDAPAH",2011,120,67,6,41,0,41,73,65,8,3,0,4,143,586,248,338,105,36,163,5,29,2050,15,144,17,122,0,489,1122,5340,FALSE,"2011-2014",308,977,298,"LOW"
"ANDHRA PRADESH","CYBERABAD",2011,213,128,17,89,0,89,146,90,56,9,0,93,1210,4010,1754,2256,52,168,1293,13,49,4028,51,158,234,1411,0,1185,3088,17645,FALSE,"2011-2014",678,6974,1854,"HIGH"
"ANDHRA PRADESH","EAST GODAVARI",2011,83,110,3,72,0,72,60,51,9,2,0,23,308,1000,364,636,31,88,280,23,34,2228,17,176,224,575,0,563,1211,7111,FALSE,"2011-2014",350,1672,992,"HIGH"
"ANDHRA PRADESH","GUNTAKAL RLY.",2011,9,0,0,0,0,0,0,0,0,1,0,4,0,227,0,227,1,0,2,15,0,6,0,0,3,1,0,4,24,297,FALSE,"2011-2014",14,227,4,"LOW"
"ANDHRA PRADESH","GUNTUR",2011,88,73,2,40,0,40,58,57,1,4,0,8,255,691,80,611,36,25,278,15,40,2934,8,223,140,494,0,460,1154,7026,FALSE,"2011-2014",271,1026,865,"HIGH"
"ANDHRA PRADESH","GUNTUR URBAN",2011,51,30,1,33,0,33,31,28,3,2,0,14,138,850,320,530,3,13,273,5,9,1005,6,86,111,395,0,229,648,3933,FALSE,"2011-2014",161,1308,598,"LOW"
"ANDHRA PRADESH","HYDERABAD CITY",2011,117,136,6,59,0,59,95,39,56,8,0,40,693,4416,1823,2593,220,75,1864,44,50,3334,37,157,93,1355,0,505,2353,15657,TRUE,"2011-2014",455,6932,1642,"HIGH"
"ANDHRA PRADESH","KARIMNAGAR",2011,150,124,6,58,0,58,172,120,52,2,6,20,339,792,288,504,179,59,588,3,73,2801,40,253,235,702,0,574,1797,8973,FALSE,"2011-2014",526,1419,1230,"HIGH"
"ANDHRA PRADESH","KHAMMAM",2011,108,98,6,84,0,84,81,73,8,5,0,12,262,540,212,328,157,18,199,1,19,1945,20,243,140,519,0,528,976,5961,FALSE,"2011-2014",388,1014,922,"HIGH"
"ANDHRA PRADESH","KRISHNA",2011,70,78,1,80,0,80,89,75,14,2,0,13,264,592,145,447,32,33,203,2,50,2606,15,348,292,733,0,416,938,6857,FALSE,"2011-2014",332,1001,1388,"HIGH"
"ANDHRA PRADESH","KURNOOL",2011,153,177,4,39,0,39,76,58,18,9,0,19,240,555,166,389,116,13,382,4,45,1611,20,340,222,424,0,553,2439,7441,FALSE,"2011-2014",473,961,1006,"HIGH"
"ANDHRA PRADESH","MAHABOOBNAGAR",2011,188,85,28,88,0,88,74,69,5,3,0,15,236,1168,10,1158,67,25,194,4,76,1955,28,162,66,259,0,708,1246,6675,FALSE,"2011-2014",453,1414,515,"HIGH"
"ANDHRA PRADESH","MEDAK",2011,141,57,14,38,0,38,40,33,7,6,0,19,331,564,154,410,72,13,250,8,62,1725,26,121,50,384,0,749,999,5669,FALSE,"2011-2014",301,1049,581,"LOW"
"ANDHRA PRADESH","NALGONDA",2011,101,95,5,48,0,48,84,51,33,2,0,19,294,612,150,462,130,31,264,6,62,1374,36,229,150,255,0,778,3065,7640,FALSE,"2011-2014",349,1056,670,"HIGH"
"ANDHRA PRADESH","NELLORE",2011,61,82,3,28,0,28,85,81,4,2,1,18,208,943,295,648,36,87,229,6,51,2237,7,166,119,187,0,460,1278,6294,FALSE,"2011-2014",276,1446,479,"HIGH"
"ANDHRA PRADESH","NIZAMABAD",2011,135,55,9,63,0,63,84,51,33,9,0,30,408,766,231,535,88,27,248,4,20,1900,27,98,100,569,0,506,1245,6391,FALSE,"2011-2014",376,1405,794,"HIGH"
"ANDHRA PRADESH","PRAKASHAM",2011,88,111,5,24,0,24,100,81,19,7,0,15,202,510,174,336,53,71,276,7,34,1397,11,243,56,266,0,495,2009,5980,FALSE,"2011-2014",345,886,576,"HIGH"
"ANDHRA PRADESH","RAJAHMUNDRY",2011,21,56,0,15,0,15,36,28,8,1,0,10,105,376,149,227,7,26,69,2,3,750,3,44,34,189,0,149,245,2141,FALSE,"2011-2014",139,630,270,"LOW"
"ANDHRA PRADESH","RANGA REDDY",2011,75,19,5,24,0,24,24,20,4,1,0,6,88,132,34,98,38,8,60,0,11,592,15,50,2,89,0,188,365,1792,FALSE,"2011-2014",149,254,156,"LOW"
"ANDHRA PRADESH","SECUNDERABAD RLY.",2011,9,2,0,0,0,0,1,1,0,0,0,7,0,447,0,447,7,0,7,10,1,17,1,5,1,2,0,3,53,573,FALSE,"2011-2014",19,447,9,"LOW"
"ANDHRA PRADESH","SRIKAKULAM",2011,40,65,3,29,0,29,28,23,5,3,0,7,124,254,14,240,100,24,73,0,24,1654,8,91,83,333,0,287,931,4161,FALSE,"2011-2014",172,392,515,"LOW"
"ANDHRA PRADESH","TIRUPATHI URBAN",2011,44,30,1,10,0,10,21,1,20,2,0,23,180,839,349,490,37,5,245,4,11,709,5,40,7,112,0,215,408,2948,FALSE,"2011-2014",130,1368,164,"LOW"
"ANDHRA PRADESH","TOTAL",2011,2808,2229,171,1442,0,1442,2154,1612,542,126,7,600,8300,28267,8966,19301,2210,1174,9748,224,1021,54452,599,4849,3658,13376,0,13973,38392,189780,FALSE,"2011-2014",9359,45533,22482,"HIGH"
"ANDHRA PRADESH","VIJAYAWADA CITY",2011,35,66,5,37,0,37,70,50,20,2,0,35,232,1531,609,922,2,101,430,6,24,1842,17,248,355,1066,0,313,808,7225,FALSE,"2011-2014",245,2372,1686,"HIGH"
"ANDHRA PRADESH","VIJAYAWADA RLY.",2011,2,0,0,1,0,1,3,2,1,1,0,3,0,400,0,400,0,0,6,0,0,17,1,3,2,1,0,4,35,479,FALSE,"2011-2014",10,400,7,"LOW"
"ANDHRA PRADESH","VISAKHA RURAL",2011,66,28,0,38,0,38,36,30,6,0,0,11,166,283,15,268,47,20,131,0,22,1291,8,120,128,203,0,313,557,3468,FALSE,"2011-2014",179,464,459,"LOW"
"ANDHRA PRADESH","VISAKHAPATNAM",2011,39,34,5,57,0,57,50,48,2,13,0,28,283,1284,393,891,3,57,244,4,11,1308,12,31,50,386,0,410,577,4886,FALSE,"2011-2014",221,1960,479,"LOW"
"ANDHRA PRADESH","VIZIANAGARAM",2011,38,32,3,50,0,50,26,20,6,0,0,11,128,344,0,344,8,15,102,1,8,1551,5,79,99,384,0,266,1668,4818,FALSE,"2011-2014",157,472,567,"LOW"
"ANDHRA PRADESH","WARANGAL",2011,72,32,8,48,0,48,68,62,6,1,0,12,234,338,8,330,208,8,179,1,27,975,26,157,27,89,0,305,1701,4516,FALSE,"2011-2014",233,580,299,"LOW"
"ANDHRA PRADESH","WARANGAL URBAN",2011,46,10,5,35,0,35,55,15,40,1,0,21,160,415,115,300,86,5,272,1,5,499,26,78,54,63,0,230,1730,3797,FALSE,"2011-2014",168,690,221,"LOW"
"ANDHRA PRADESH","WEST GODAVARI",2011,74,92,2,97,0,97,144,90,54,2,0,20,433,1199,350,849,35,62,451,16,43,2389,27,364,238,760,0,634,1229,8311,FALSE,"2011-2014",429,1982,1389,"HIGH"
"ANDHRA PRADESH","ADILABAD",2012,81,80,14,88,0,88,82,61,21,2,0,14,240,373,104,269,56,25,216,3,35,2172,7,90,155,498,0,400,1079,5710,FALSE,"2011-2014",347,717,750,"HIGH"
"ANDHRA PRADESH","ANANTAPUR",2012,173,123,3,18,0,18,74,63,11,14,1,6,211,581,155,426,41,12,168,3,24,2018,19,195,8,130,0,576,1043,5441,FALSE,"2011-2014",408,947,352,"LOW"
"ANDHRA PRADESH","CHITTOOR",2012,91,75,5,28,0,28,56,49,7,3,0,10,136,501,208,293,32,9,217,4,27,622,33,90,269,339,0,520,1398,4465,FALSE,"2011-2014",263,845,731,"LOW"
"ANDHRA PRADESH","CUDDAPAH",2012,118,96,2,26,0,26,76,44,32,4,0,9,136,513,154,359,114,76,332,0,6,2355,13,217,37,120,0,500,1360,6110,FALSE,"2011-2014",329,803,387,"HIGH"
"ANDHRA PRADESH","CYBERABAD",2012,198,113,10,75,0,75,158,102,56,14,0,86,1101,4461,1887,2574,28,168,1762,8,48,4013,45,183,282,976,0,1095,3155,17979,FALSE,"2011-2014",644,7449,1486,"HIGH"
"ANDHRA PRADESH","EAST GODAVARI",2012,70,94,3,71,0,71,54,40,14,1,0,16,345,861,281,580,31,82,204,16,38,2222,17,248,160,536,0,559,1317,6945,FALSE,"2011-2014",306,1487,961,"HIGH"
"ANDHRA PRADESH","GUNTAKAL RLY.",2012,7,0,0,1,0,1,1,0,1,1,0,3,0,268,0,268,1,1,0,13,1,11,1,1,1,2,0,2,24,339,FALSE,"2011-2014",13,268,5,"LOW"
"ANDHRA PRADESH","GUNTUR",2012,96,68,1,23,0,23,63,53,10,0,0,6,146,708,176,532,31,25,261,25,33,2309,21,252,83,656,0,461,2103,7371,FALSE,"2011-2014",256,1030,1012,"HIGH"
"ANDHRA PRADESH","GUNTUR URBAN",2012,56,53,3,24,0,24,42,32,10,2,0,29,155,904,409,495,11,16,294,7,15,1072,9,84,83,687,0,229,912,4687,FALSE,"2011-2014",206,1468,863,"LOW"
"ANDHRA PRADESH","HYDERABAD CITY",2012,102,166,6,74,0,74,88,31,57,12,0,57,647,3694,1370,2324,354,71,2131,25,101,3381,23,145,141,1339,0,503,2932,15992,TRUE,"2011-2014",499,5711,1648,"HIGH"
"ANDHRA PRADESH","KARIMNAGAR",2012,128,112,11,40,0,40,141,98,43,4,0,25,326,860,228,632,112,65,678,3,63,2636,46,224,232,759,0,574,1952,8991,FALSE,"2011-2014",450,1414,1261,"HIGH"
"ANDHRA PRADESH","KHAMMAM",2012,130,110,7,78,0,78,73,62,11,5,0,14,284,528,157,371,150,22,251,9,33,1956,13,233,172,231,0,547,1195,6041,FALSE,"2011-2014",410,969,649,"HIGH"
"ANDHRA PRADESH","KRISHNA",2012,78,53,1,67,0,67,67,55,12,2,0,9,263,673,139,534,26,54,218,7,52,2601,16,341,309,791,0,415,1168,7211,FALSE,"2011-2014",276,1075,1457,"HIGH"
"ANDHRA PRADESH","KURNOOL",2012,111,143,4,22,0,22,58,46,12,3,0,18,246,518,4,514,71,13,329,5,34,2382,15,331,75,166,0,549,1594,6687,FALSE,"2011-2014",355,768,587,"HIGH"
"ANDHRA PRADESH","MAHABOOBNAGAR",2012,182,90,15,56,0,56,76,70,6,3,0,16,235,961,9,952,58,24,189,4,38,1870,27,154,45,204,0,796,1442,6485,FALSE,"2011-2014",423,1205,430,"HIGH"
"ANDHRA PRADESH","MEDAK",2012,113,43,5,26,0,26,54,45,9,6,0,17,409,693,158,535,130,21,324,2,52,1674,20,112,55,475,0,641,1198,6070,FALSE,"2011-2014",259,1260,662,"HIGH"
"ANDHRA PRADESH","NALGONDA",2012,86,88,6,52,0,52,89,79,10,9,0,20,323,802,191,611,115,44,400,5,70,2995,20,246,264,302,0,800,2198,8934,FALSE,"2011-2014",344,1316,832,"HIGH"
"ANDHRA PRADESH","NELLORE",2012,94,86,1,23,0,23,90,72,18,5,0,42,292,833,255,578,22,107,163,5,45,2550,9,210,142,405,0,490,1240,6854,FALSE,"2011-2014",340,1380,766,"HIGH"
"ANDHRA PRADESH","NIZAMABAD",2012,113,48,12,35,0,35,38,23,15,4,0,15,345,613,178,435,66,33,297,3,47,1332,19,100,102,596,0,444,1280,5542,FALSE,"2011-2014",253,1136,817,"LOW"
"ANDHRA PRADESH","PRAKASHAM",2012,108,117,5,37,0,37,84,69,15,2,0,27,258,674,230,444,41,68,362,9,19,2523,16,213,47,263,0,491,1311,6675,FALSE,"2011-2014",375,1162,539,"HIGH"
"ANDHRA PRADESH","RAJAHMUNDRY",2012,23,25,3,13,0,13,9,5,4,0,0,7,120,337,99,238,0,34,93,1,5,734,3,49,35,183,0,171,280,2125,FALSE,"2011-2014",77,556,270,"LOW"
"ANDHRA PRADESH","RANGA REDDY",2012,72,27,5,27,0,27,22,21,1,5,0,11,148,175,33,142,22,5,79,0,26,600,16,58,31,152,0,190,423,2094,FALSE,"2011-2014",164,356,257,"LOW"
"ANDHRA PRADESH","SECUNDERABAD RLY.",2012,4,0,0,2,0,2,0,0,0,0,0,3,0,787,0,787,0,0,4,13,0,9,0,5,5,0,0,4,80,916,FALSE,"2011-2014",9,787,10,"LOW"
"ANDHRA PRADESH","SRIKAKULAM",2012,35,40,1,39,0,39,18,18,0,1,0,9,112,179,7,172,9,14,107,1,21,1511,3,116,69,312,0,272,949,3818,FALSE,"2011-2014",142,298,500,"LOW"
"ANDHRA PRADESH","TIRUPATHI URBAN",2012,37,29,2,12,0,12,25,14,11,0,0,13,188,630,197,433,22,7,172,2,6,672,6,21,11,96,0,197,461,2609,FALSE,"2011-2014",116,1015,134,"LOW"
"ANDHRA PRADESH","TOTAL",2012,2717,2183,158,1341,0,1341,1870,1403,467,131,1,668,8442,27475,8036,19439,1878,1271,11002,260,980,56768,504,4816,3714,13389,0,13929,39025,192522,FALSE,"2011-2014",8910,43953,22423,"HIGH"
"ANDHRA PRADESH","VIJAYAWADA CITY",2012,42,56,6,47,0,47,66,39,27,1,0,60,221,1385,567,818,16,123,416,6,33,1961,16,223,418,1136,0,370,1084,7686,FALSE,"2011-2014",272,2173,1793,"HIGH"
"ANDHRA PRADESH","VIJAYAWADA RLY.",2012,7,1,0,0,0,0,3,3,0,3,0,4,0,597,0,597,0,0,0,50,0,18,0,5,6,1,0,3,34,732,FALSE,"2011-2014",18,597,12,"LOW"
"ANDHRA PRADESH","VISAKHA RURAL",2012,67,29,4,27,0,27,22,13,9,0,0,3,120,224,76,148,52,16,84,4,13,992,9,67,20,134,0,336,510,2733,FALSE,"2011-2014",148,420,230,"LOW"
"ANDHRA PRADESH","VISAKHAPATNAM",2012,44,27,1,50,0,50,27,20,7,14,0,27,366,1062,301,761,12,68,252,6,10,1207,11,23,11,412,0,395,601,4626,FALSE,"2011-2014",189,1729,457,"LOW"
"ANDHRA PRADESH","VIZIANAGARAM",2012,44,36,7,44,0,44,21,20,1,2,0,4,162,263,2,261,1,11,118,0,15,1504,3,96,103,363,0,289,1396,4482,FALSE,"2011-2014",151,427,565,"LOW"
"ANDHRA PRADESH","WARANGAL",2012,75,47,10,56,0,56,66,58,8,3,0,22,262,388,69,319,173,5,197,6,25,1482,20,117,34,101,0,306,1327,4722,FALSE,"2011-2014",269,719,272,"LOW"
"ANDHRA PRADESH","WARANGAL URBAN",2012,41,17,1,30,0,30,41,39,2,2,0,14,193,421,98,323,70,3,281,1,8,1071,9,71,74,267,0,226,742,3583,FALSE,"2011-2014",145,712,421,"LOW"
"ANDHRA PRADESH","WEST GODAVARI",2012,91,91,4,130,0,130,86,59,27,4,0,52,452,1008,294,714,11,49,403,14,37,2313,19,296,235,757,0,578,1237,7867,FALSE,"2011-2014",454,1754,1307,"HIGH"
"ANDHRA PRADESH","ADILABAD",2013,96,72,13,61,0,61,65,47,18,2,0,14,274,377,86,291,58,93,254,1,30,2394,12,197,138,464,0,376,1390,6381,FALSE,"2011-2014",310,737,811,"HIGH"
"ANDHRA PRADESH","ANANTAPUR",2013,156,149,3,28,0,28,110,84,26,5,0,23,279,597,154,443,56,5,160,5,29,2537,23,337,43,161,0,573,1634,6913,FALSE,"2011-2014",471,1030,564,"HIGH"
"ANDHRA PRADESH","CHITTOOR",2013,72,61,2,31,0,31,52,27,25,3,0,11,157,512,158,354,57,17,238,6,18,937,13,119,84,435,0,546,2239,5610,FALSE,"2011-2014",230,827,651,"LOW"
"ANDHRA PRADESH","CUDDAPAH",2013,93,107,7,19,0,19,84,50,34,2,0,9,220,702,255,447,156,81,317,5,34,2310,9,318,163,207,0,464,1741,7048,FALSE,"2011-2014",314,1177,697,"HIGH"
"ANDHRA PRADESH","CYBERABAD",2013,162,123,16,138,0,138,192,129,63,15,0,89,1318,4779,1761,3018,34,179,2111,12,40,4284,43,350,338,1526,0,1104,3139,19992,FALSE,"2011-2014",719,7858,2257,"HIGH"
"ANDHRA PRADESH","EAST GODAVARI",2013,68,71,6,74,0,74,63,33,30,3,0,15,326,788,310,478,50,86,222,7,21,2300,15,352,222,483,0,525,1082,6779,FALSE,"2011-2014",294,1424,1072,"HIGH"
"ANDHRA PRADESH","GUNTAKAL RLY.",2013,2,0,0,0,0,0,0,0,0,0,0,0,0,251,0,251,0,0,3,4,1,11,0,3,2,0,0,0,24,301,FALSE,"2011-2014",2,251,5,"LOW"
"ANDHRA PRADESH","GUNTUR",2013,110,87,1,38,0,38,61,54,7,4,0,21,192,675,200,475,41,41,305,11,21,2345,16,296,135,608,0,449,1569,7026,FALSE,"2011-2014",321,1067,1055,"HIGH"
"ANDHRA PRADESH","GUNTUR URBAN",2013,44,51,3,28,0,28,46,34,12,2,1,26,190,991,408,583,11,15,372,5,14,1180,7,124,93,326,0,226,1123,4878,FALSE,"2011-2014",197,1589,550,"LOW"
"ANDHRA PRADESH","HYDERABAD CITY",2013,120,145,5,101,0,101,131,52,79,6,0,47,658,4166,1353,2813,118,75,2382,47,62,3092,39,225,90,1480,0,527,2839,16355,TRUE,"2011-2014",550,6177,1834,"HIGH"
"ANDHRA PRADESH","KARIMNAGAR",2013,101,89,10,57,0,57,118,103,15,3,0,20,349,771,242,529,96,120,706,3,45,2593,39,354,276,670,0,535,1881,8836,FALSE,"2011-2014",388,1362,1339,"HIGH"
"ANDHRA PRADESH","KHAMMAM",2013,103,99,10,100,0,100,114,104,10,6,0,16,455,887,340,547,135,52,636,3,42,2268,15,254,297,768,0,483,3864,10607,FALSE,"2011-2014",438,1682,1334,"HIGH"
"ANDHRA PRADESH","KRISHNA",2013,56,46,0,58,0,58,54,37,17,0,1,18,316,579,154,425,15,31,203,12,45,2596,14,387,274,708,0,404,1059,6876,FALSE,"2011-2014",232,1049,1383,"HIGH"
"ANDHRA PRADESH","KURNOOL",2013,127,175,0,26,0,26,72,50,22,12,0,27,252,565,21,544,128,16,506,6,35,2531,11,374,199,203,0,478,1852,7595,FALSE,"2011-2014",439,838,787,"HIGH"
"ANDHRA PRADESH","MAHABOOBNAGAR",2013,191,69,31,117,0,117,90,63,27,8,0,18,394,1207,13,1194,130,52,269,6,56,2381,33,219,98,234,0,756,1733,8092,FALSE,"2011-2014",493,1614,584,"HIGH"
"ANDHRA PRADESH","MEDAK",2013,128,77,6,64,0,64,44,38,6,3,0,14,414,775,245,530,45,25,358,6,58,1970,25,169,73,476,0,733,1591,7054,FALSE,"2011-2014",330,1434,743,"HIGH"
"ANDHRA PRADESH","NALGONDA",2013,98,100,5,77,0,77,118,110,8,13,0,27,375,810,244,566,231,91,499,2,49,3315,27,367,313,327,0,746,2701,10291,FALSE,"2011-2014",433,1429,1034,"HIGH"
"ANDHRA PRADESH","NELLORE",2013,99,110,2,26,0,26,95,81,14,4,2,41,364,1077,323,754,29,129,223,3,29,2533,8,263,221,374,0,455,1239,7326,FALSE,"2011-2014",375,1764,866,"HIGH"
"ANDHRA PRADESH","NIZAMABAD",2013,117,56,12,49,0,49,54,33,21,5,1,18,480,1035,338,697,84,41,373,3,60,1796,17,142,295,732,0,572,1720,7662,FALSE,"2011-2014",299,1853,1186,"HIGH"
"ANDHRA PRADESH","PRAKASHAM",2013,77,101,6,39,0,39,65,57,8,7,0,30,238,694,233,461,93,81,294,4,27,2274,8,298,26,484,0,492,1061,6399,FALSE,"2011-2014",319,1165,816,"HIGH"
"ANDHRA PRADESH","RAJAHMUNDRY",2013,14,15,2,14,0,14,15,4,11,1,0,18,160,314,132,182,12,22,48,1,11,757,2,67,68,209,0,136,365,2251,FALSE,"2011-2014",77,606,346,"LOW"
"ANDHRA PRADESH","RANGA REDDY",2013,80,47,8,37,0,37,25,25,0,1,0,13,96,173,17,156,18,9,94,1,25,626,14,69,23,168,0,182,482,2191,FALSE,"2011-2014",203,286,274,"LOW"
"ANDHRA PRADESH","SECUNDERABAD RLY.",2013,7,2,0,0,0,0,2,2,0,0,0,1,0,737,0,737,0,1,11,5,0,10,0,11,0,0,0,2,60,849,FALSE,"2011-2014",12,737,11,"LOW"
"ANDHRA PRADESH","SRIKAKULAM",2013,35,49,1,42,0,42,26,23,3,1,0,11,190,307,72,235,22,15,153,1,31,1124,3,207,129,361,0,319,1814,4841,FALSE,"2011-2014",164,569,700,"LOW"
"ANDHRA PRADESH","TIRUPATHI URBAN",2013,26,21,1,10,0,10,22,15,7,0,0,15,190,827,326,501,22,3,197,0,4,565,7,45,31,133,0,200,502,2821,FALSE,"2011-2014",94,1343,216,"LOW"
"ANDHRA PRADESH","VIJAYAWADA CITY",2013,29,55,8,48,0,48,72,45,27,2,0,66,323,2173,783,1390,6,124,459,6,24,1955,12,249,456,1227,0,325,1359,8978,FALSE,"2011-2014",272,3279,1944,"HIGH"
"ANDHRA PRADESH","VIJAYAWADA RLY.",2013,6,2,0,1,0,1,1,1,0,3,0,9,0,625,0,625,1,1,3,53,0,11,2,6,5,0,0,0,44,773,FALSE,"2011-2014",22,625,13,"LOW"
"ANDHRA PRADESH","VISAKHA RURAL",2013,46,41,1,32,0,32,30,23,7,1,0,5,132,329,31,298,46,6,113,6,27,1137,8,139,79,210,0,302,548,3238,FALSE,"2011-2014",155,492,436,"LOW"
"ANDHRA PRADESH","VISAKHAPATNAM",2013,30,50,1,67,0,67,58,50,8,5,0,26,355,1203,332,871,9,64,336,1,21,1356,8,149,100,548,0,379,2009,6775,FALSE,"2011-2014",236,1890,805,"HIGH"
"ANDHRA PRADESH","VIZIANAGARAM",2013,30,38,2,42,0,42,25,25,0,1,0,7,180,230,2,228,30,18,124,3,13,1609,10,165,95,383,0,289,1624,4918,FALSE,"2011-2014",143,412,653,"LOW"
"ANDHRA PRADESH","WARANGAL",2013,52,54,4,52,0,52,63,63,0,1,0,17,256,327,17,310,140,3,237,2,0,1789,20,206,10,129,0,290,1769,5421,FALSE,"2011-2014",239,600,365,"LOW"
"ANDHRA PRADESH","WARANGAL URBAN",2013,24,20,2,36,0,36,56,47,9,1,0,18,197,459,179,280,51,2,363,1,20,1442,16,127,81,195,0,198,1131,4440,FALSE,"2011-2014",155,835,419,"LOW"
"ANDHRA PRADESH","WEST GODAVARI",2013,85,67,2,123,0,123,96,86,10,5,0,19,490,1090,311,779,20,57,446,9,40,2460,16,342,245,855,0,575,1456,8498,FALSE,"2011-2014",395,1891,1458,"HIGH"
"ANDHRA PRADESH","ZZ TOTAL",2013,2484,2249,170,1635,0,1635,2119,1595,524,125,5,709,9820,31032,9040,21992,1944,1555,13015,240,932,60488,492,6930,4702,15084,0,13641,48644,218015,FALSE,"2011-2014",9321,49892,27208,"HIGH"
"TELANGANA","ADILABAD",2014,101,79,17,42,NA,NA,46,NA,NA,1,NA,7,292,505,136,NA,38,43,223,NA,37,NA,16,NA,NA,384,NA,399,2339,6036,FALSE,"2011-2014",276,933,NA,"HIGH"
"ANDHRA PRADESH","ANANTAPUR",2014,134,171,8,35,NA,NA,125,NA,NA,6,NA,30,415,753,240,NA,214,13,296,NA,12,NA,25,NA,NA,165,NA,638,3800,8376,FALSE,"2011-2014",501,1408,NA,"HIGH"
"ANDHRA PRADESH","CHITTOOR",2014,84,170,2,32,NA,NA,38,NA,NA,12,NA,22,195,528,192,NA,134,7,207,NA,23,NA,17,NA,NA,278,NA,538,2567,5374,FALSE,"2011-2014",358,915,NA,"LOW"
"ANDHRA PRADESH","CUDDAPAH",2014,80,162,1,28,NA,NA,27,NA,NA,3,NA,16,144,638,193,NA,104,86,163,NA,0,NA,16,NA,NA,91,NA,417,2604,5803,FALSE,"2011-2014",316,975,NA,"HIGH"
"TELANGANA","CYBERABAD",2014,144,124,12,139,NA,NA,165,NA,NA,15,NA,62,1122,4182,1698,NA,51,190,2347,NA,57,NA,48,NA,NA,1329,NA,1038,4863,19311,FALSE,"2011-2014",649,7002,NA,"HIGH"
"ANDHRA PRADESH","EAST GODAVARI",2014,64,84,2,85,NA,NA,66,NA,NA,3,NA,24,346,903,347,NA,27,96,214,NA,50,NA,7,NA,NA,464,NA,668,3791,7630,FALSE,"2011-2014",326,1596,NA,"HIGH"
"ANDHRA PRADESH","GUNTAKAL RAILWAY",2014,14,4,0,0,NA,NA,0,NA,NA,2,NA,4,0,413,0,NA,1,0,5,NA,0,NA,0,NA,NA,0,NA,4,37,490,FALSE,"2011-2014",24,413,NA,"LOW"
"ANDHRA PRADESH","GUNTUR",2014,105,137,4,49,NA,NA,64,NA,NA,5,NA,24,210,711,200,NA,78,22,328,NA,52,NA,16,NA,NA,454,NA,494,2606,6897,FALSE,"2011-2014",384,1121,NA,"HIGH"
"ANDHRA PRADESH","GUNTUR URBAN",2014,51,65,0,40,NA,NA,84,NA,NA,5,NA,31,173,1045,367,NA,8,23,531,NA,35,NA,12,NA,NA,345,NA,226,1740,5798,FALSE,"2011-2014",276,1585,NA,"HIGH"
"TELANGANA","HYDERABAD CITY",2014,118,163,6,126,NA,NA,374,NA,NA,9,NA,58,754,4266,1396,NA,57,97,2557,NA,20,NA,22,NA,NA,1289,NA,441,5584,18940,TRUE,"2011-2014",848,6416,NA,"HIGH"
"TELANGANA","KARIMNAGAR",2014,109,136,14,66,NA,NA,106,NA,NA,5,NA,36,377,735,245,NA,87,108,813,NA,38,NA,34,NA,NA,737,NA,543,3845,9382,FALSE,"2011-2014",458,1357,NA,"HIGH"
"TELANGANA","KHAMMAM",2014,76,85,7,102,NA,NA,73,NA,NA,1,NA,15,432,746,278,NA,94,40,845,NA,16,NA,18,NA,NA,530,NA,482,3566,11022,FALSE,"2011-2014",352,1456,NA,"HIGH"
"ANDHRA PRADESH","KRISHNA",2014,51,47,1,80,NA,NA,41,NA,NA,0,NA,15,302,521,141,NA,9,24,242,NA,23,NA,8,NA,NA,613,NA,418,3942,7078,FALSE,"2011-2014",234,964,NA,"HIGH"
"ANDHRA PRADESH","KURNOOL",2014,118,135,5,32,NA,NA,53,NA,NA,3,NA,28,244,563,9,NA,108,20,639,NA,33,NA,12,NA,NA,362,NA,506,3522,8398,FALSE,"2011-2014",369,816,NA,"HIGH"
"TELANGANA","MAHABOOB NAGAR",2014,240,87,27,169,NA,NA,63,NA,NA,6,NA,23,369,1112,179,NA,105,36,252,NA,65,NA,30,NA,NA,209,NA,818,2714,7533,FALSE,"2011-2014",588,1660,NA,"HIGH"
"TELANGANA","MEDAK",2014,130,84,7,60,NA,NA,59,NA,NA,5,NA,20,384,787,246,NA,39,20,312,NA,45,NA,34,NA,NA,346,NA,780,2496,6931,FALSE,"2011-2014",358,1417,NA,"HIGH"
"TELANGANA","NALGONDA",2014,114,148,9,126,NA,NA,95,NA,NA,6,NA,30,383,722,204,NA,129,65,342,NA,67,NA,23,NA,NA,262,NA,732,3884,9254,FALSE,"2011-2014",519,1309,NA,"HIGH"
"ANDHRA PRADESH","NELLORE",2014,78,117,4,58,NA,NA,153,NA,NA,8,NA,44,381,1058,362,NA,84,255,239,NA,45,NA,14,NA,NA,362,NA,466,3037,8175,FALSE,"2011-2014",458,1801,NA,"HIGH"
"TELANGANA","NIZAMABAD",2014,122,60,12,36,NA,NA,57,NA,NA,5,NA,21,416,712,278,NA,46,26,306,NA,65,NA,25,NA,NA,658,NA,560,2529,7053,FALSE,"2011-2014",301,1406,NA,"HIGH"
"ANDHRA PRADESH","PRAKASHAM",2014,75,68,7,50,NA,NA,50,NA,NA,5,NA,23,247,617,209,NA,124,98,261,NA,28,NA,8,NA,NA,402,NA,502,2687,6367,FALSE,"2011-2014",271,1073,NA,"HIGH"
"ANDHRA PRADESH","RAJAHMUNDRY",2014,18,18,1,35,NA,NA,15,NA,NA,3,NA,14,214,361,155,NA,16,56,105,NA,13,NA,3,NA,NA,190,NA,128,657,2430,FALSE,"2011-2014",103,730,NA,"LOW"
"TELANGANA","RANGA REDDY",2014,77,43,5,51,NA,NA,35,NA,NA,1,NA,12,106,183,26,NA,2,2,81,NA,36,NA,10,NA,NA,192,NA,245,862,2309,FALSE,"2011-2014",219,315,NA,"LOW"
"TELANGANA","SECUNDERABAD RAILWAY",2014,4,2,0,2,NA,NA,1,NA,NA,0,NA,3,1,760,0,NA,0,2,4,NA,0,NA,0,NA,NA,0,NA,1,72,860,FALSE,"2011-2014",12,761,NA,"LOW"
"ANDHRA PRADESH","SRIKAKULAM",2014,30,29,4,40,NA,NA,33,NA,NA,0,NA,8,152,236,52,NA,17,12,153,NA,18,NA,3,NA,NA,298,NA,284,2123,4727,FALSE,"2011-2014",140,440,NA,"LOW"
"ANDHRA PRADESH","TIRUPATHI URBAN",2014,35,72,2,18,NA,NA,24,NA,NA,2,NA,8,227,1148,482,NA,31,11,248,NA,11,NA,13,NA,NA,167,NA,223,886,3651,FALSE,"2011-2014",159,1857,NA,"LOW"
"ANDHRA PRADESH","TOTAL",2014,1175,1540,52,961,NA,NA,1066,NA,NA,75,NA,433,4719,15617,4540,NA,1013,935,5091,NA,450,NA,215,NA,NA,6362,NA,7379,44187,114604,FALSE,"2011-2014",5250,24876,NA,"HIGH"
"TELANGANA","TOTAL",2014,1308,1062,123,979,NA,NA,1152,NA,NA,59,NA,308,4949,15342,4835,NA,766,635,8519,NA,482,NA,289,NA,NA,6369,NA,6514,37013,106830,FALSE,"2011-2014",4868,25126,NA,"HIGH"
"ANDHRA PRADESH","VIJAYAWADA CITY",2014,23,45,1,64,NA,NA,42,NA,NA,3,NA,48,345,2016,685,NA,2,68,391,NA,21,NA,10,NA,NA,642,NA,312,1835,7876,FALSE,"2011-2014",225,3046,NA,"HIGH"
"ANDHRA PRADESH","VIJAYAWADA RAILWAY",2014,1,1,1,0,NA,NA,3,NA,NA,0,NA,7,0,1085,3,NA,0,1,7,NA,0,NA,2,NA,NA,1,NA,1,59,1223,FALSE,"2011-2014",12,1088,NA,"LOW"
"ANDHRA PRADESH","VISAKHA RURAL",2014,43,50,4,38,NA,NA,24,NA,NA,5,NA,5,88,179,57,NA,14,6,90,NA,23,NA,4,NA,NA,166,NA,308,1236,3028,FALSE,"2011-2014",165,324,NA,"LOW"
"ANDHRA PRADESH","VISAKHAPATNAM",2014,38,57,0,84,NA,NA,130,NA,NA,4,NA,46,392,1358,401,NA,3,71,413,NA,14,NA,13,NA,NA,371,NA,360,2202,7728,FALSE,"2011-2014",359,2151,NA,"HIGH"
"ANDHRA PRADESH","VIZIANAGARAM",2014,43,23,1,47,NA,NA,27,NA,NA,2,NA,4,176,388,92,NA,13,14,149,NA,13,NA,8,NA,NA,330,NA,272,1990,5013,FALSE,"2011-2014",146,656,NA,"LOW"
"TELANGANA","WARANGAL",2014,47,29,7,41,NA,NA,45,NA,NA,4,NA,15,172,302,32,NA,83,5,178,NA,22,NA,17,NA,NA,218,NA,275,2163,4407,FALSE,"2011-2014",181,506,NA,"LOW"
"TELANGANA","WARANGAL URBAN",2014,26,22,0,19,NA,NA,33,NA,NA,1,NA,6,141,330,117,NA,35,1,259,NA,14,NA,12,NA,NA,215,NA,200,2096,3792,FALSE,"2011-2014",107,588,NA,"LOW"
"ANDHRA PRADESH","WEST GODAVARI",2014,90,85,4,146,NA,NA,67,NA,NA,4,NA,32,468,1096,353,NA,26,52,410,NA,36,NA,24,NA,NA,661,NA,614,2866,8542,FALSE,"2011-2014",424,1917,NA,"HIGH"
